Workbook

Sheet Liste cible - Plazza
A1: ID Unique | B1: Latitude | C1: Longitude | D1: Fournisseur | E1: Logo | F1: Category | G1: Supplier Site Code | H1: Orange Site Code | I1: Address | J1: City / Country | K1: Proximity Service Description
A2: =IFERROR(Tableau1[[#This Row],[ID Unique]],"") -> CIBUBUE1ARE1 | B2: =IFERROR(VLOOKUP($A2,'Consolidate List'!$A$2:$P$1048576,15,FALSE),"") -> -58.46698190000001 | C2: =IFERROR(VLOOKUP($A2,'Consolidate List'!$A$2:$P$1048576,16,FALSE),"") -> 0 | D2: =IFERROR(VLOOKUP($A2,'Consolidate List'!$A$2:$P$1048576,8,FALSE),"") -> BUEL01 | F2: =IFERROR(VLOOKUP($A2,'Consolidate List'!$A$2:$P$1048576,12,FALSE),"") -> NON | G2: =IFERROR(VLOOKUP($A2,'Consolidate List'!$A$2:$P$1048576,11,FALSE),"") -> 3 - Opportunistic not to promote | H2: =IFERROR(VLOOKUP($A2,'Consolidate List'!$A$2:$P$1048576,9,FALSE),"") -> Av. del Campo 1301, Buenos Aires, Argentine | I2: =IFERROR(VLOOKUP($A2,'Consolidate List'!$A$2:$P$1048576,10,FALSE),"") -> BUE1 | J2: =IFERROR(_xlfn.CONCAT((VLOOKUP($A2,'Consolidate List'!$A$2:$P$1048576,5,FALSE)),", ",VLOOKUP($A2,'Consolidate List'!$A$2:$P$1048576,6,FALSE)),"") -> Buenos Aires, Buenos Aires | K2: =IFERROR(VLOOKUP($A2,'Consolidate List'!$A$2:$P$1048576,17,FALSE),"")
A3: =IFERROR(Tableau1[[#This Row],[ID Unique]],"") -> EQSYNORTAU01 | B3: =IFERROR(VLOOKUP($A3,'Consolidate List'!$A$2:$P$1048576,15,FALSE),"") -> 151.1317254 | C3: =IFERROR(VLOOKUP($A3,'Consolidate List'!$A$2:$P$1048576,16,FALSE),"") -> 0 | D3: =IFERROR(VLOOKUP($A3,'Consolidate List'!$A$2:$P$1048576,8,FALSE),"") -> SYDX01 | F3: =IFERROR(VLOOKUP($A3,'Consolidate List'!$A$2:$P$1048576,12,FALSE),"") -> NON | G3: =IFERROR(VLOOKUP($A3,'Consolidate List'!$A$2:$P$1048576,11,FALSE),"") -> 5 - Closed | H3: =IFERROR(VLOOKUP($A3,'Consolidate List'!$A$2:$P$1048576,9,FALSE),"") -> Unit 8, 5 Talavera Road, Macquarie Park, NSW, 2113 | I3: =IFERROR(VLOOKUP($A3,'Consolidate List'!$A$2:$P$1048576,10,FALSE),"") -> North Ryde SYDX01 | J3: =IFERROR(_xlfn.CONCAT((VLOOKUP($A3,'Consolidate List'!$A$2:$P$1048576,5,FALSE)),", ",VLOOKUP($A3,'Consolidate List'!$A$2:$P$1048576,6,FALSE)),"") -> Sydney, Sydney | K3: =IFERROR(VLOOKUP($A3,'Consolidate List'!$A$2:$P$1048576,17,FALSE),"")
A4: =IFERROR(Tableau1[[#This Row],[ID Unique]],"") -> EQSASP4BRP4 | B4: =IFERROR(VLOOKUP($A4,'Consolidate List'!$A$2:$P$1048576,15,FALSE),"") -> -46.8094334 | C4: =IFERROR(VLOOKUP($A4,'Consolidate List'!$A$2:$P$1048576,16,FALSE),"") -> https://plazza.orange.com/docs/DOC-520558 | D4: =IFERROR(VLOOKUP($A4,'Consolidate List'!$A$2:$P$1048576,8,FALSE),"") -> SAOI01 | F4: =IFERROR(VLOOKUP($A4,'Consolidate List'!$A$2:$P$1048576,12,FALSE),"") -> OUI | G4: =IFERROR(VLOOKUP($A4,'Consolidate List'!$A$2:$P$1048576,11,FALSE),"") -> 2 - Opportunistic | H4: =IFERROR(VLOOKUP($A4,'Consolidate List'!$A$2:$P$1048576,9,FALSE),"") -> Av. Ceci, 1900 - Res. Tambore, Barueri - SP, 06460-120, Brésil | I4: =IFERROR(VLOOKUP($A4,'Consolidate List'!$A$2:$P$1048576,10,FALSE),"") -> SP4 | J4: =IFERROR(_xlfn.CONCAT((VLOOKUP($A4,'Consolidate List'!$A$2:$P$1048576,5,FALSE)),", ",VLOOKUP($A4,'Consolidate List'!$A$2:$P$1048576,6,FALSE)),"") -> Sao Paulo, Sao Paulo | K4: =IFERROR(VLOOKUP($A4,'Consolidate List'!$A$2:$P$1048576,17,FALSE),"")
A5: =IFERROR(Tableau1[[#This Row],[ID Unique]],"") -> EQRIRJ1BRJ1 | B5: =IFERROR(VLOOKUP($A5,'Consolidate List'!$A$2:$P$1048576,15,FALSE),"") -> -43.1945909 | C5: =IFERROR(VLOOKUP($A5,'Consolidate List'!$A$2:$P$1048576,16,FALSE),"") -> https://plazza.orange.com/docs/DOC-520558 | D5: =IFERROR(VLOOKUP($A5,'Consolidate List'!$A$2:$P$1048576,8,FALSE),"") -> not found on GINI | F5: =IFERROR(VLOOKUP($A5,'Consolidate List'!$A$2:$P$1048576,12,FALSE),"") -> OUI | G5: =IFERROR(VLOOKUP($A5,'Consolidate List'!$A$2:$P$1048576,11,FALSE),"") -> 2 - Opportunistic | H5: =IFERROR(VLOOKUP($A5,'Consolidate List'!$A$2:$P$1048576,9,FALSE),"") -> Rua Voluntários da Pátria 360 - Botafogo 22270-010 Rio de Janeiro | I5: =IFERROR(VLOOKUP($A5,'Consolidate List'!$A$2:$P$1048576,10,FALSE),"") -> RJ1 | J5: =IFERROR(_xlfn.CONCAT((VLOOKUP($A5,'Consolidate List'!$A$2:$P$1048576,5,FALSE)),", ",VLOOKUP($A5,'Consolidate List'!$A$2:$P$1048576,6,FALSE)),"") -> Rio de Janeiro, Rio de Janeiro | K5: =IFERROR(VLOOKUP($A5,'Consolidate List'!$A$2:$P$1048576,17,FALSE),"")
A6: =IFERROR(Tableau1[[#This Row],[ID Unique]],"") -> VOBEVDC-AU02 | B6: =IFERROR(VLOOKUP($A6,'Consolidate List'!$A$2:$P$1048576,15,FALSE),"") -> 115.8884299 | C6: =IFERROR(VLOOKUP($A6,'Consolidate List'!$A$2:$P$1048576,16,FALSE),"") -> 0 | D6: =IFERROR(VLOOKUP($A6,'Consolidate List'!$A$2:$P$1048576,8,FALSE),"") -> not found on GINI | F6: =IFERROR(VLOOKUP($A6,'Consolidate List'!$A$2:$P$1048576,12,FALSE),"") -> NON | G6: =IFERROR(VLOOKUP($A6,'Consolidate List'!$A$2:$P$1048576,11,FALSE),"") -> 3 - Opportunistic not to promote | H6: =IFERROR(VLOOKUP($A6,'Consolidate List'!$A$2:$P$1048576,9,FALSE),"") -> Vocus VDC-PER02 Data Centre., 5 Watts Place, Bentley WA 6102, Australia. | I6: =IFERROR(VLOOKUP($A6,'Consolidate List'!$A$2:$P$1048576,10,FALSE),"") -> VDC-PER02 | J6: =IFERROR(_xlfn.CONCAT((VLOOKUP($A6,'Consolidate List'!$A$2:$P$1048576,5,FALSE)),", ",VLOOKUP($A6,'Consolidate List'!$A$2:$P$1048576,6,FALSE)),"") -> Perth, Bently | K6: =IFERROR(VLOOKUP($A6,'Consolidate List'!$A$2:$P$1048576,17,FALSE),"")
A7: =IFERROR(Tableau1[[#This Row],[ID Unique]],"") -> EQSASP2BRP2 | B7: =IFERROR(VLOOKUP($A7,'Consolidate List'!$A$2:$P$1048576,15,FALSE),"") -> -46.8272798 | C7: =IFERROR(VLOOKUP($A7,'Consolidate List'!$A$2:$P$1048576,16,FALSE),"") -> https://plazza.orange.com/docs/DOC-520558 | D7: =IFERROR(VLOOKUP($A7,'Consolidate List'!$A$2:$P$1048576,8,FALSE),"") -> SAOD04 | F7: =IFERROR(VLOOKUP($A7,'Consolidate List'!$A$2:$P$1048576,12,FALSE),"") -> OUI | G7: =IFERROR(VLOOKUP($A7,'Consolidate List'!$A$2:$P$1048576,11,FALSE),"") -> 2 - Opportunistic | H7: =IFERROR(VLOOKUP($A7,'Consolidate List'!$A$2:$P$1048576,9,FALSE),"") -> Al. Araguaia 3641 - Tamboré Barueri - SP CEP: 06455-000 | I7: =IFERROR(VLOOKUP($A7,'Consolidate List'!$A$2:$P$1048576,10,FALSE),"") -> SP2 | J7: =IFERROR(_xlfn.CONCAT((VLOOKUP($A7,'Consolidate List'!$A$2:$P$1048576,5,FALSE)),", ",VLOOKUP($A7,'Consolidate List'!$A$2:$P$1048576,6,FALSE)),"") -> Sao Paulo, Sao Paulo | K7: =IFERROR(VLOOKUP($A7,'Consolidate List'!$A$2:$P$1048576,17,FALSE),"")
A8: =IFERROR(Tableau1[[#This Row],[ID Unique]],"") -> EQSASP3BRP3 | B8: =IFERROR(VLOOKUP($A8,'Consolidate List'!$A$2:$P$1048576,15,FALSE),"") -> -46.86328839999999 | C8: =IFERROR(VLOOKUP($A8,'Consolidate List'!$A$2:$P$1048576,16,FALSE),"") -> https://plazza.orange.com/docs/DOC-520558 | D8: =IFERROR(VLOOKUP($A8,'Consolidate List'!$A$2:$P$1048576,8,FALSE),"") -> GRU01 | F8: =IFERROR(VLOOKUP($A8,'Consolidate List'!$A$2:$P$1048576,12,FALSE),"") -> OUI | G8: =IFERROR(VLOOKUP($A8,'Consolidate List'!$A$2:$P$1048576,11,FALSE),"") -> 2 - Opportunistic | H8: =IFERROR(VLOOKUP($A8,'Consolidate List'!$A$2:$P$1048576,9,FALSE),"") -> Avenida Marcos Penteado de Ulhoa Rodrigues, 249 Santana de Parnaiba/SP CEP: 06543-001 Brazil | I8: =IFERROR(VLOOKUP($A8,'Consolidate List'!$A$2:$P$1048576,10,FALSE),"") -> SP3 | J8: =IFERROR(_xlfn.CONCAT((VLOOKUP($A8,'Consolidate List'!$A$2:$P$1048576,5,FALSE)),", ",VLOOKUP($A8,'Consolidate List'!$A$2:$P$1048576,6,FALSE)),"") -> Sao Paulo, Sao Paulo | K8: =IFERROR(VLOOKUP($A8,'Consolidate List'!$A$2:$P$1048576,17,FALSE),"")
A9: =IFERROR(Tableau1[[#This Row],[ID Unique]],"") -> ADSAADN COSE | B9: =IFERROR(VLOOKUP($A9,'Consolidate List'!$A$2:$P$1048576,15,FALSE),"") -> -84.1857912 | C9: =IFERROR(VLOOKUP($A9,'Consolidate List'!$A$2:$P$1048576,16,FALSE),"") -> To be done | D9: =IFERROR(VLOOKUP($A9,'Consolidate List'!$A$2:$P$1048576,8,FALSE),"") -> SJOL01 | F9: =IFERROR(VLOOKUP($A9,'Consolidate List'!$A$2:$P$1048576,12,FALSE),"") -> OUI | G9: =IFERROR(VLOOKUP($A9,'Consolidate List'!$A$2:$P$1048576,11,FALSE),"") -> 2 - Opportunistic | H9: =IFERROR(VLOOKUP($A9,'Consolidate List'!$A$2:$P$1048576,9,FALSE),"") -> ADN Datacenters, Zona Franca SARET Edificio B8 Alajuela Costa Rica | I9: =IFERROR(VLOOKUP($A9,'Consolidate List'!$A$2:$P$1048576,10,FALSE),"") -> ADN by UFINET - San Jose | J9: =IFERROR(_xlfn.CONCAT((VLOOKUP($A9,'Consolidate List'!$A$2:$P$1048576,5,FALSE)),", ",VLOOKUP($A9,'Consolidate List'!$A$2:$P$1048576,6,FALSE)),"") -> San Jose, San Jose | K9: =IFERROR(VLOOKUP($A9,'Consolidate List'!$A$2:$P$1048576,17,FALSE),"")
A10: =IFERROR(Tableau1[[#This Row],[ID Unique]],"") -> CODADAL3UNL3 | B10: =IFERROR(VLOOKUP($A10,'Consolidate List'!$A$2:$P$1048576,15,FALSE),"") -> -96.819412 | C10: =IFERROR(VLOOKUP($A10,'Consolidate List'!$A$2:$P$1048576,16,FALSE),"") -> To be done | D10: =IFERROR(VLOOKUP($A10,'Consolidate List'!$A$2:$P$1048576,8,FALSE),"") -> DALL02 | F10: =IFERROR(VLOOKUP($A10,'Consolidate List'!$A$2:$P$1048576,12,FALSE),"") -> OUI | G10: =IFERROR(VLOOKUP($A10,'Consolidate List'!$A$2:$P$1048576,11,FALSE),"") -> 2 - Opportunistic | H10: =IFERROR(VLOOKUP($A10,'Consolidate List'!$A$2:$P$1048576,9,FALSE),"") -> 1950 North Stemmons Freeway, Suites 1039A & 2048, Dallas, Texas, United States of America, 75207 | I10: =IFERROR(VLOOKUP($A10,'Consolidate List'!$A$2:$P$1048576,10,FALSE),"") -> DAL3 | J10: =IFERROR(_xlfn.CONCAT((VLOOKUP($A10,'Consolidate List'!$A$2:$P$1048576,5,FALSE)),", ",VLOOKUP($A10,'Consolidate List'!$A$2:$P$1048576,6,FALSE)),"") -> Texas, Dallas | K10: =IFERROR(VLOOKUP($A10,'Consolidate List'!$A$2:$P$1048576,17,FALSE),"")
A11: =IFERROR(Tableau1[[#This Row],[ID Unique]],"") -> COMOMTL7CAL7 | B11: =IFERROR(VLOOKUP($A11,'Consolidate List'!$A$2:$P$1048576,15,FALSE),"") -> 0 | C11: =IFERROR(VLOOKUP($A11,'Consolidate List'!$A$2:$P$1048576,16,FALSE),"") -> 0 | D11: =IFERROR(VLOOKUP($A11,'Consolidate List'!$A$2:$P$1048576,8,FALSE),"") -> n/a | F11: =IFERROR(VLOOKUP($A11,'Consolidate List'!$A$2:$P$1048576,12,FALSE),"") -> OUI | G11: =IFERROR(VLOOKUP($A11,'Consolidate List'!$A$2:$P$1048576,11,FALSE),"") -> 2 - Opportunistic | H11: =IFERROR(VLOOKUP($A11,'Consolidate List'!$A$2:$P$1048576,9,FALSE),"") -> 1155 Blvd. Robert-Bourassa, Montreal, QC H3B 3A7 | I11: =IFERROR(VLOOKUP($A11,'Consolidate List'!$A$2:$P$1048576,10,FALSE),"") -> MTL7 | J11: =IFERROR(_xlfn.CONCAT((VLOOKUP($A11,'Consolidate List'!$A$2:$P$1048576,5,FALSE)),", ",VLOOKUP($A11,'Consolidate List'!$A$2:$P$1048576,6,FALSE)),"") -> Ontario, Montreal | K11: =IFERROR(VLOOKUP($A11,'Consolidate List'!$A$2:$P$1048576,17,FALSE),"")
A12: =IFERROR(Tableau1[[#This Row],[ID Unique]],"") -> COTOTOR1CAR1 | B12: =IFERROR(VLOOKUP($A12,'Consolidate List'!$A$2:$P$1048576,15,FALSE),"") -> 0 | C12: =IFERROR(VLOOKUP($A12,'Consolidate List'!$A$2:$P$1048576,16,FALSE),"") -> 0 | D12: =IFERROR(VLOOKUP($A12,'Consolidate List'!$A$2:$P$1048576,8,FALSE),"") -> n/a | F12: =IFERROR(VLOOKUP($A12,'Consolidate List'!$A$2:$P$1048576,12,FALSE),"") -> OUI | G12: =IFERROR(VLOOKUP($A12,'Consolidate List'!$A$2:$P$1048576,11,FALSE),"") -> 2 - Opportunistic | H12: =IFERROR(VLOOKUP($A12,'Consolidate List'!$A$2:$P$1048576,9,FALSE),"") -> 151 Front St. W, Toronto, ON M5J 2N1 | I12: =IFERROR(VLOOKUP($A12,'Consolidate List'!$A$2:$P$1048576,10,FALSE),"") -> TOR1 | J12: =IFERROR(_xlfn.CONCAT((VLOOKUP($A12,'Consolidate List'!$A$2:$P$1048576,5,FALSE)),", ",VLOOKUP($A12,'Consolidate List'!$A$2:$P$1048576,6,FALSE)),"") -> Ontario, Toronto | K12: =IFERROR(VLOOKUP($A12,'Consolidate List'!$A$2:$P$1048576,17,FALSE),"")
A13: =IFERROR(Tableau1[[#This Row],[ID Unique]],"") -> MOBRSTUABEDC | B13: =IFERROR(VLOOKUP($A13,'Consolidate List'!$A$2:$P$1048576,15,FALSE),"") -> 4.5035326 | C13: =IFERROR(VLOOKUP($A13,'Consolidate List'!$A$2:$P$1048576,16,FALSE),"") -> 0 | D13: =IFERROR(VLOOKUP($A13,'Consolidate List'!$A$2:$P$1048576,8,FALSE),"") -> BRUT03 | F13: =IFERROR(VLOOKUP($A13,'Consolidate List'!$A$2:$P$1048576,12,FALSE),"") -> NON | G13: =IFERROR(VLOOKUP($A13,'Consolidate List'!$A$2:$P$1048576,11,FALSE),"") -> 3 - Opportunistic not to promote | H13: =IFERROR(VLOOKUP($A13,'Consolidate List'!$A$2:$P$1048576,9,FALSE),"") -> Mobistar Datacenter Nossegem Leuvensesteenweg 641,1930 Zaventem, Belgium | I13: =IFERROR(VLOOKUP($A13,'Consolidate List'!$A$2:$P$1048576,10,FALSE),"") -> Stuart DC | J13: =IFERROR(_xlfn.CONCAT((VLOOKUP($A13,'Consolidate List'!$A$2:$P$1048576,5,FALSE)),", ",VLOOKUP($A13,'Consolidate List'!$A$2:$P$1048576,6,FALSE)),"") -> Brussel, Brussel | K13: =IFERROR(VLOOKUP($A13,'Consolidate List'!$A$2:$P$1048576,17,FALSE),"")
... A500: =IFERROR(Tableau1[[#This Row],[ID Unique]],"") | B500: =IFERROR(VLOOKUP($A500,'Consolidate List'!$A$2:$P$1048576,15,FALSE),"") | C500: =IFERROR(VLOOKUP($A500,'Consolidate List'!$A$2:$P$1048576,16,FALSE),"") | D500: =IFERROR(VLOOKUP($A500,'Consolidate List'!$A$2:$P$1048576,8,FALSE),"") | F500: =IFERROR(VLOOKUP($A500,'Consolidate List'!$A$2:$P$1048576,12,FALSE),"") | G500: =IFERROR(VLOOKUP($A500,'Consolidate List'!$A$2:$P$1048576,11,FALSE),"") | H500: =IFERROR(VLOOKUP($A500,'Consolidate List'!$A$2:$P$1048576,9,FALSE),"") | I500: =IFERROR(VLOOKUP($A500,'Consolidate List'!$A$2:$P$1048576,10,FALSE),"") | J500: =IFERROR(_xlfn.CONCAT((VLOOKUP($A500,'Consolidate List'!$A$2:$P$1048576,5,FALSE)),", ",VLOOKUP($A500,'Consolidate List'!$A$2:$P$1048576,6,FALSE)),"") | K500: =IFERROR(VLOOKUP($A500,'Consolidate List'!$A$2:$P$1048576,17,FALSE),"")

Sheet Feuil2
A3: Nombre de Type of DC | C3: Type of DC
A4: Zone | B4: Country | C4: 1 - Major | D4: 2 - Opportunistic | E4: Total général
A5: AME
B6: Brazil | D6: 4 | E6: 4
B7: Costa Rica | D7: 1 | E7: 1
B8: United States | C8: 2 | D8: 28 | E8: 30
A9: Total AME | C9: 2 | D9: 33 | E9: 35
A11: APAC
B12: Australia | C12: 1 | D12: 7 | E12: 8
B13: China | C13: 1 | D13: 9 | E13: 10
B14: India | D14: 3 | E14: 3
B15: Japan | D15: 6 | E15: 6
B16: Singapore | C16: 4 | D16: 1 | E16: 5
A17: Total APAC | C17: 6 | D17: 26 | E17: 32
A19: EMEA
B20: France | C20: 11 | D20: 8 | E20: 19
B21: Germany | C21: 1 | D21: 5 | E21: 6
B22: Italy | D22: 1 | E22: 1
B23: Ivory Coast | D23: 1 | E23: 1
B24: Maroc | D24: 1 | E24: 1
B25: Netherlands | C25: 2 | D25: 5 | E25: 7
B26: Norway | C26: 2 | E26: 2
B27: Poland | D27: 1 | E27: 1
B28: Russia | D28: 1 | E28: 1
B29: Senegal | D29: 1 | E29: 1
B30: South Africa | D30: 1 | E30: 1
B31: Spain | D31: 1 | E31: 1
B32: Switzerland | D32: 1 | E32: 1
B33: UAE | D33: 1 | E33: 1
B34: United Kingdom | D34: 6 | E34: 6
A35: Total EMEA | C35: 16 | D35: 34 | E35: 50
A37: Total général | C37: 24 | D37: 93 | E37: 117

Sheet Consolidate List
A1: ID Unique | B1: Zone | C1: Region | D1: Country | E1: Cluster City | F1: City Area | G1: Supplier | H1: Site Code Orange | I1: Address | J1: Datacenter name (supplier code) | K1: Type of DC | L1: Affichage DCMAP (O/N) | M1: DC Manager | N1: Latitude | O1: Longitude | P1: Plazza Proximity
A2: =UPPER(_xlfn.CONCAT(LEFT(Tableau1[[#This Row],[Supplier]],2),LEFT(Tableau1[[#This Row],[City Area]],2),LEFT(Tableau1[[#This Row],[Datacenter name (supplier code)]],4),LEFT(Tableau1[[#This Row],[Country]],2),RIGHT(Tableau1[[#This Row],[Datacenter name (supplier code)]],2))) -> CIBUBUE1ARE1 | B2: AME | C2: LAM | D2: Argentina | E2: Buenos Aires | F2: Buenos Aires | G2: Cirion Argentina | H2: BUEL01 | I2: Av. del Campo 1301, Buenos Aires, Argentine | J2: BUE1 | K2: 3 - Opportunistic not to promote | L2: =IF(OR(Tableau1[[#This Row],[Type of DC]]="1 - Major",Tableau1[[#This Row],[Type of DC]]="2 - Opportunistic",Tableau1[[#This Row],[Type of DC]]="6 - Catalog"),"OUI","NON") -> NON | M2: Arnaud GIRAUD | N2: -34.59002 | O2: -58.46698190000001
A3: =UPPER(_xlfn.CONCAT(LEFT(Tableau1[[#This Row],[Supplier]],2),LEFT(Tableau1[[#This Row],[City Area]],2),LEFT(Tableau1[[#This Row],[Datacenter name (supplier code)]],4),LEFT(Tableau1[[#This Row],[Country]],2),RIGHT(Tableau1[[#This Row],[Datacenter name (supplier code)]],2))) -> EQSYNORTAU01 | B3: APAC | C3: APAC | D3: Australia | E3: Sydney | F3: Sydney | G3: Equant | H3: SYDX01 | I3: Unit 8, 5 Talavera Road, Macquarie Park, NSW, 2113 | J3: North Ryde SYDX01 | K3: 5 - Closed | L3: =IF(OR(Tableau1[[#This Row],[Type of DC]]="1 - Major",Tableau1[[#This Row],[Type of DC]]="2 - Opportunistic",Tableau1[[#This Row],[Type of DC]]="6 - Catalog"),"OUI","NON") -> NON | M3: John YIP | N3: -33.7838685 | O3: 151.1317254
A4: =UPPER(_xlfn.CONCAT(LEFT(Tableau1[[#This Row],[Supplier]],2),LEFT(Tableau1[[#This Row],[City Area]],2),LEFT(Tableau1[[#This Row],[Datacenter name (supplier code)]],4),LEFT(Tableau1[[#This Row],[Country]],2),RIGHT(Tableau1[[#This Row],[Datacenter name (supplier code)]],2))) -> EQSASP4BRP4 | B4: AME | C4: LAM | D4: Brazil | E4: Sao Paulo | F4: Sao Paulo | G4: Equinix | H4: SAOI01 | I4: Av. Ceci, 1900 - Res. Tambore, Barueri - SP, 06460-120, Brésil | J4: SP4 | K4: 2 - Opportunistic | L4: =IF(OR(Tableau1[[#This Row],[Type of DC]]="1 - Major",Tableau1[[#This Row],[Type of DC]]="2 - Opportunistic",Tableau1[[#This Row],[Type of DC]]="6 - Catalog"),"OUI","NON") -> OUI | M4: Arnaud GIRAUD | N4: -23.4933594 | O4: -46.8094334 | P4: https://plazza.orange.com/docs/DOC-520558
A5: =UPPER(_xlfn.CONCAT(LEFT(Tableau1[[#This Row],[Supplier]],2),LEFT(Tableau1[[#This Row],[City Area]],2),LEFT(Tableau1[[#This Row],[Datacenter name (supplier code)]],4),LEFT(Tableau1[[#This Row],[Country]],2),RIGHT(Tableau1[[#This Row],[Datacenter name (supplier code)]],2))) -> EQRIRJ1BRJ1 | B5: AME | C5: LAM | D5: Brazil | E5: Rio de Janeiro | F5: Rio de Janeiro | G5: Equinix | H5: not found on GINI | I5: Rua Voluntários da Pátria 360 - Botafogo 22270-010 Rio de Janeiro | J5: RJ1 | K5: 2 - Opportunistic | L5: =IF(OR(Tableau1[[#This Row],[Type of DC]]="1 - Major",Tableau1[[#This Row],[Type of DC]]="2 - Opportunistic",Tableau1[[#This Row],[Type of DC]]="6 - Catalog"),"OUI","NON") -> OUI | M5: Arnaud GIRAUD | N5: -22.9547717 | O5: -43.1945909 | P5: https://plazza.orange.com/docs/DOC-520558
A6: =UPPER(_xlfn.CONCAT(LEFT(Tableau1[[#This Row],[Supplier]],2),LEFT(Tableau1[[#This Row],[City Area]],2),LEFT(Tableau1[[#This Row],[Datacenter name (supplier code)]],4),LEFT(Tableau1[[#This Row],[Country]],2),RIGHT(Tableau1[[#This Row],[Datacenter name (supplier code)]],2))) -> VOBEVDC-AU02 | B6: APAC | C6: APAC | D6: Australia | E6: Perth | F6: Bently | G6: Vocus | H6: not found on GINI | I6: Vocus VDC-PER02 Data Centre., 5 Watts Place, Bentley WA 6102, Australia. | J6: VDC-PER02 | K6: 3 - Opportunistic not to promote | L6: =IF(OR(Tableau1[[#This Row],[Type of DC]]="1 - Major",Tableau1[[#This Row],[Type of DC]]="2 - Opportunistic",Tableau1[[#This Row],[Type of DC]]="6 - Catalog"),"OUI","NON") -> NON | M6: John YIP | N6: -31.9962499 | O6: 115.8884299
A7: =UPPER(_xlfn.CONCAT(LEFT(Tableau1[[#This Row],[Supplier]],2),LEFT(Tableau1[[#This Row],[City Area]],2),LEFT(Tableau1[[#This Row],[Datacenter name (supplier code)]],4),LEFT(Tableau1[[#This Row],[Country]],2),RIGHT(Tableau1[[#This Row],[Datacenter name (supplier code)]],2))) -> EQSASP2BRP2 | B7: AME | C7: LAM | D7: Brazil | E7: Sao Paulo | F7: Sao Paulo | G7: Equinix | H7: SAOD04 | I7: Al. Araguaia 3641 - Tamboré Barueri - SP CEP: 06455-000 | J7: SP2 | K7: 2 - Opportunistic | L7: =IF(OR(Tableau1[[#This Row],[Type of DC]]="1 - Major",Tableau1[[#This Row],[Type of DC]]="2 - Opportunistic",Tableau1[[#This Row],[Type of DC]]="6 - Catalog"),"OUI","NON") -> OUI | M7: Arnaud GIRAUD | N7: -23.5031326 | O7: -46.8272798 | P7: https://plazza.orange.com/docs/DOC-520558
A8: =UPPER(_xlfn.CONCAT(LEFT(Tableau1[[#This Row],[Supplier]],2),LEFT(Tableau1[[#This Row],[City Area]],2),LEFT(Tableau1[[#This Row],[Datacenter name (supplier code)]],4),LEFT(Tableau1[[#This Row],[Country]],2),RIGHT(Tableau1[[#This Row],[Datacenter name (supplier code)]],2))) -> EQSASP3BRP3 | B8: AME | C8: LAM | D8: Brazil | E8: Sao Paulo | F8: Sao Paulo | G8: Equinix | H8: GRU01 | I8: Avenida Marcos Penteado de Ulhoa Rodrigues, 249 Santana de Parnaiba/SP CEP: 06543-001 Brazil | J8: SP3 | K8: 2 - Opportunistic | L8: =IF(OR(Tableau1[[#This Row],[Type of DC]]="1 - Major",Tableau1[[#This Row],[Type of DC]]="2 - Opportunistic",Tableau1[[#This Row],[Type of DC]]="6 - Catalog"),"OUI","NON") -> OUI | M8: Arnaud GIRAUD | N8: -23.4663344 | O8: -46.86328839999999 | P8: https://plazza.orange.com/docs/DOC-520558
A9: =UPPER(_xlfn.CONCAT(LEFT(Tableau1[[#This Row],[Supplier]],2),LEFT(Tableau1[[#This Row],[City Area]],2),LEFT(Tableau1[[#This Row],[Datacenter name (supplier code)]],4),LEFT(Tableau1[[#This Row],[Country]],2),RIGHT(Tableau1[[#This Row],[Datacenter name (supplier code)]],2))) -> ADSAADN COSE | B9: AME | C9: LAM | D9: Costa Rica | E9: San Jose | F9: San Jose | G9: ADN Datacenter | H9: SJOL01 | I9: ADN Datacenters, Zona Franca SARET Edificio B8 Alajuela Costa Rica | J9: ADN by UFINET - San Jose | K9: 2 - Opportunistic | L9: =IF(OR(Tableau1[[#This Row],[Type of DC]]="1 - Major",Tableau1[[#This Row],[Type of DC]]="2 - Opportunistic",Tableau1[[#This Row],[Type of DC]]="6 - Catalog"),"OUI","NON") -> OUI | M9: Arnaud GIRAUD | N9: 10.0004151 | O9: -84.1857912 | P9: To be done
A10: =UPPER(_xlfn.CONCAT(LEFT(Tableau1[[#This Row],[Supplier]],2),LEFT(Tableau1[[#This Row],[City Area]],2),LEFT(Tableau1[[#This Row],[Datacenter name (supplier code)]],4),LEFT(Tableau1[[#This Row],[Country]],2),RIGHT(Tableau1[[#This Row],[Datacenter name (supplier code)]],2))) -> CODADAL3UNL3 | B10: AME | C10: NAM | D10: United States | E10: Texas | F10: Dallas | G10: Cologix | H10: DALL02 | I10: 1950 North Stemmons Freeway, Suites 1039A & 2048, Dallas, Texas, United States of America, 75207 | J10: DAL3 | K10: 2 - Opportunistic | L10: =IF(OR(Tableau1[[#This Row],[Type of DC]]="1 - Major",Tableau1[[#This Row],[Type of DC]]="2 - Opportunistic",Tableau1[[#This Row],[Type of DC]]="6 - Catalog"),"OUI","NON") -> OUI | M10: Mark OLSZEWSKI | N10: 32.800748 | O10: -96.819412 | P10: To be done
A11: =UPPER(_xlfn.CONCAT(LEFT(Tableau1[[#This Row],[Supplier]],2),LEFT(Tableau1[[#This Row],[City Area]],2),LEFT(Tableau1[[#This Row],[Datacenter name (supplier code)]],4),LEFT(Tableau1[[#This Row],[Country]],2),RIGHT(Tableau1[[#This Row],[Datacenter name (supplier code)]],2))) -> COMOMTL7CAL7 | B11: AME | C11: NAM | D11: Canada | E11: Ontario | F11: Montreal | G11: Cologix | H11: n/a | I11: 1155 Blvd. Robert-Bourassa, Montreal, QC H3B 3A7 | J11: MTL7 | K11: 2 - Opportunistic | L11: =IF(OR(Tableau1[[#This Row],[Type of DC]]="1 - Major",Tableau1[[#This Row],[Type of DC]]="2 - Opportunistic",Tableau1[[#This Row],[Type of DC]]="6 - Catalog"),"OUI","NON") -> OUI | M11: Mark OLSZEWSKI
A12: =UPPER(_xlfn.CONCAT(LEFT(Tableau1[[#This Row],[Supplier]],2),LEFT(Tableau1[[#This Row],[City Area]],2),LEFT(Tableau1[[#This Row],[Datacenter name (supplier code)]],4),LEFT(Tableau1[[#This Row],[Country]],2),RIGHT(Tableau1[[#This Row],[Datacenter name (supplier code)]],2))) -> COTOTOR1CAR1 | B12: AME | C12: NAM | D12: Canada | E12: Ontario | F12: Toronto | G12: Cologix | H12: n/a | I12: 151 Front St. W, Toronto, ON M5J 2N1 | J12: TOR1 | K12: 2 - Opportunistic | L12: =IF(OR(Tableau1[[#This Row],[Type of DC]]="1 - Major",Tableau1[[#This Row],[Type of DC]]="2 - Opportunistic",Tableau1[[#This Row],[Type of DC]]="6 - Catalog"),"OUI","NON") -> OUI | M12: Mark OLSZEWSKI
A13: =UPPER(_xlfn.CONCAT(LEFT(Tableau1[[#This Row],[Supplier]],2),LEFT(Tableau1[[#This Row],[City Area]],2),LEFT(Tableau1[[#This Row],[Datacenter name (supplier code)]],4),LEFT(Tableau1[[#This Row],[Country]],2),RIGHT(Tableau1[[#This Row],[Datacenter name (supplier code)]],2))) -> MOBRSTUABEDC | B13: EMEA | C13: EMEA | D13: Belgium | E13: Brussel | F13: Brussel | G13: Mobistar | H13: BRUT03 | I13: Mobistar Datacenter Nossegem Leuvensesteenweg 641,1930 Zaventem, Belgium | J13: Stuart DC | K13: 3 - Opportunistic not to promote | L13: =IF(OR(Tableau1[[#This Row],[Type of DC]]="1 - Major",Tableau1[[#This Row],[Type of DC]]="2 - Opportunistic",Tableau1[[#This Row],[Type of DC]]="6 - Catalog"),"OUI","NON") -> NON | M13: Mohamed SAMIR | N13: 50.87765899999999 | O13: 4.5035326
A14: =UPPER(_xlfn.CONCAT(LEFT(Tableau1[[#This Row],[Supplier]],2),LEFT(Tableau1[[#This Row],[City Area]],2),LEFT(Tableau1[[#This Row],[Datacenter name (supplier code)]],4),LEFT(Tableau1[[#This Row],[Country]],2),RIGHT(Tableau1[[#This Row],[Datacenter name (supplier code)]],2))) -> EQATAT1UNT1 | B14: AME | C14: NAM | D14: United States | E14: Georgia | F14: Atlanta | G14: Equinix | H14: ATLL03 | I14: 180 Peachtree Street NW, 2nd and 6th Floors, Atlanta, Georgia, United States of America, 30303 | J14: AT1 | K14: 2 - Opportunistic | L14: =IF(OR(Tableau1[[#This Row],[Type of DC]]="1 - Major",Tableau1[[#This Row],[Type of DC]]="2 - Opportunistic",Tableau1[[#This Row],[Type of DC]]="6 - Catalog"),"OUI","NON") -> OUI | M14: Mark OLSZEWSKI | N14: 33.7585633 | O14: -84.3877746 | P14: https://plazza.orange.com/docs/DOC-759493
A15: =UPPER(_xlfn.CONCAT(LEFT(Tableau1[[#This Row],[Supplier]],2),LEFT(Tableau1[[#This Row],[City Area]],2),LEFT(Tableau1[[#This Row],[Datacenter name (supplier code)]],4),LEFT(Tableau1[[#This Row],[Country]],2),RIGHT(Tableau1[[#This Row],[Datacenter name (supplier code)]],2))) -> CISASAO1BRO1 | B15: AME | C15: LAM | D15: Brazil | E15: Sao Paulo | F15: Sao Paulo | G15: Cirion Brazil | H15: SAOL01 | I15: Av. Eid Mansur, 666 - Parque São Jorge, Cotia - SP, 06708-070, Brésil | J15: SAO1 | K15: 3 - Opportunistic not to promote | L15: =IF(OR(Tableau1[[#This Row],[Type of DC]]="1 - Major",Tableau1[[#This Row],[Type of DC]]="2 - Opportunistic",Tableau1[[#This Row],[Type of DC]]="6 - Catalog"),"OUI","NON") -> NON | M15: Arnaud GIRAUD | N15: -23.5979329 | O15: -46.848808
A16: =UPPER(_xlfn.CONCAT(LEFT(Tableau1[[#This Row],[Supplier]],2),LEFT(Tableau1[[#This Row],[City Area]],2),LEFT(Tableau1[[#This Row],[Datacenter name (supplier code)]],4),LEFT(Tableau1[[#This Row],[Country]],2),RIGHT(Tableau1[[#This Row],[Datacenter name (supplier code)]],2))) -> EMRIEMBRBRIO | B16: AME | C16: LAM | D16: Brazil | E16: Rio de Janeiro | F16: Rio de Janeiro | G16: Embratel | H16: RIOL02 | I16: 119 Rua Senador Pompeu, Rio de Janeiro, 20221-291, Brazil | J16: Embratel - Rio | K16: 3 - Opportunistic not to promote | L16: =IF(OR(Tableau1[[#This Row],[Type of DC]]="1 - Major",Tableau1[[#This Row],[Type of DC]]="2 - Opportunistic",Tableau1[[#This Row],[Type of DC]]="6 - Catalog"),"OUI","NON") -> NON | M16: Arnaud GIRAUD | N16: -22.9006419 | O16: -43.188142
A17: =UPPER(_xlfn.CONCAT(LEFT(Tableau1[[#This Row],[Supplier]],2),LEFT(Tableau1[[#This Row],[City Area]],2),LEFT(Tableau1[[#This Row],[Datacenter name (supplier code)]],4),LEFT(Tableau1[[#This Row],[Country]],2),RIGHT(Tableau1[[#This Row],[Datacenter name (supplier code)]],2))) -> EQCHCH1UNH1 | B17: AME | C17: NAM | D17: United States | E17: Illinois | F17: Chicago | G17: Equinix | H17: CHIL02 | I17: 350 E Cermak Rd, 6th Floor, Chicago, Illinois, United States of America, 60616 | J17: CH1 | K17: 2 - Opportunistic | L17: =IF(OR(Tableau1[[#This Row],[Type of DC]]="1 - Major",Tableau1[[#This Row],[Type of DC]]="2 - Opportunistic",Tableau1[[#This Row],[Type of DC]]="6 - Catalog"),"OUI","NON") -> OUI | M17: Mark OLSZEWSKI | N17: 41.8531135 | O17: -87.6183281 | P17: https://plazza.orange.com/docs/DOC-759493
A18: =UPPER(_xlfn.CONCAT(LEFT(Tableau1[[#This Row],[Supplier]],2),LEFT(Tableau1[[#This Row],[City Area]],2),LEFT(Tableau1[[#This Row],[Datacenter name (supplier code)]],4),LEFT(Tableau1[[#This Row],[Country]],2),RIGHT(Tableau1[[#This Row],[Datacenter name (supplier code)]],2))) -> SYSASYDEBRLO | B18: AME | C18: LAM | D18: Brazil | E18: Sao Paulo | F18: Sao Paulo | G18: Sydel | H18: not found on GINI | I18: Av. Adolfo Pinheiro, 1.000, Cj 51/53 • Alto da Boa Vista • CEP 04734-002 • São Paulo - SP | J18: Sydel Sao paulo | K18: 5 - Closed | L18: =IF(OR(Tableau1[[#This Row],[Type of DC]]="1 - Major",Tableau1[[#This Row],[Type of DC]]="2 - Opportunistic",Tableau1[[#This Row],[Type of DC]]="6 - Catalog"),"OUI","NON") -> NON | M18: Arnaud GIRAUD | N18: -23.6522787 | O18: -46.705799
A19: =UPPER(_xlfn.CONCAT(LEFT(Tableau1[[#This Row],[Supplier]],2),LEFT(Tableau1[[#This Row],[City Area]],2),LEFT(Tableau1[[#This Row],[Datacenter name (supplier code)]],4),LEFT(Tableau1[[#This Row],[Country]],2),RIGHT(Tableau1[[#This Row],[Datacenter name (supplier code)]],2))) -> EQCHCH2UNH2 | B19: AME | C19: NAM | D19: United States | E19: Illinois | F19: Chicago | G19: Equinix | H19: CHID03 | I19: 350 E Cermak Rd, 5th Floor, Chicago, Illinois, United States of America, 60616 | J19: CH2 | K19: 2 - Opportunistic | L19: =IF(OR(Tableau1[[#This Row],[Type of DC]]="1 - Major",Tableau1[[#This Row],[Type of DC]]="2 - Opportunistic",Tableau1[[#This Row],[Type of DC]]="6 - Catalog"),"OUI","NON") -> OUI | M19: Mark OLSZEWSKI | N19: 41.8531135 | O19: -87.6183281 | P19: https://plazza.orange.com/docs/DOC-759493
A20: =UPPER(_xlfn.CONCAT(LEFT(Tableau1[[#This Row],[Supplier]],2),LEFT(Tableau1[[#This Row],[City Area]],2),LEFT(Tableau1[[#This Row],[Datacenter name (supplier code)]],4),LEFT(Tableau1[[#This Row],[Country]],2),RIGHT(Tableau1[[#This Row],[Datacenter name (supplier code)]],2))) -> TESATELEBRLO | B20: AME | C20: LAM | D20: Brazil | E20: Sao Paulo | F20: Sao Paulo | G20: Telefonica | H20: SAOD01 / SAOD02 | I20: The Tamboré II Data Center / Alameda Araguacema, 187 - Barueri - SP / CEP 0646 / SP SÃO PAULO / BRAZIL | J20: Telefonica Sao Paulo | K20: 5 - Closed | L20: =IF(OR(Tableau1[[#This Row],[Type of DC]]="1 - Major",Tableau1[[#This Row],[Type of DC]]="2 - Opportunistic",Tableau1[[#This Row],[Type of DC]]="6 - Catalog"),"OUI","NON") -> NON | M20: Arnaud GIRAUD | N20: -23.5019755 | O20: -46.8251239
A21: =UPPER(_xlfn.CONCAT(LEFT(Tableau1[[#This Row],[Supplier]],2),LEFT(Tableau1[[#This Row],[City Area]],2),LEFT(Tableau1[[#This Row],[Datacenter name (supplier code)]],4),LEFT(Tableau1[[#This Row],[Country]],2),RIGHT(Tableau1[[#This Row],[Datacenter name (supplier code)]],2))) -> EQCHCH4UNH4 | B21: AME | C21: NAM | D21: United States | E21: Illinois | F21: Chicago | G21: Equinix | H21: CHIF03 | I21: 350 E Cermak Rd, 8th Floor, Chicago, Illinois, United States of America, 60616 | J21: CH4 | K21: 2 - Opportunistic | L21: =IF(OR(Tableau1[[#This Row],[Type of DC]]="1 - Major",Tableau1[[#This Row],[Type of DC]]="2 - Opportunistic",Tableau1[[#This Row],[Type of DC]]="6 - Catalog"),"OUI","NON") -> OUI | M21: Mark OLSZEWSKI | N21: 41.8531135 | O21: -87.6183281 | P21: https://plazza.orange.com/docs/DOC-759493
A22: =UPPER(_xlfn.CONCAT(LEFT(Tableau1[[#This Row],[Supplier]],2),LEFT(Tableau1[[#This Row],[City Area]],2),LEFT(Tableau1[[#This Row],[Datacenter name (supplier code)]],4),LEFT(Tableau1[[#This Row],[Country]],2),RIGHT(Tableau1[[#This Row],[Datacenter name (supplier code)]],2))) -> IISAIIA CHGO | B22: AME | C22: LAM | D22: Chile | E22: Santiago | F22: Santiago | G22: IIA | H22: SCLC02 | I22: Porvenir 245, Santiago | J22: IIA - Santiago | K22: 3 - Opportunistic not to promote | L22: =IF(OR(Tableau1[[#This Row],[Type of DC]]="1 - Major",Tableau1[[#This Row],[Type of DC]]="2 - Opportunistic",Tableau1[[#This Row],[Type of DC]]="6 - Catalog"),"OUI","NON") -> NON | M22: Arnaud GIRAUD | N22: -33.4549116 | O22: -70.632856
A23: =UPPER(_xlfn.CONCAT(LEFT(Tableau1[[#This Row],[Supplier]],2),LEFT(Tableau1[[#This Row],[City Area]],2),LEFT(Tableau1[[#This Row],[Datacenter name (supplier code)]],4),LEFT(Tableau1[[#This Row],[Country]],2),RIGHT(Tableau1[[#This Row],[Datacenter name (supplier code)]],2))) -> EQCUCU2UNU2 | B23: AME | C23: NAM | D23: United States | E23: Virginia | F23: Culpeper | G23: Equinix | H23: not found on GINI | I23: 18155 Technology Drive, Building B, Culpeper, VA, United States of America, 22701 | J23: CU2 | K23: 2 - Opportunistic | L23: =IF(OR(Tableau1[[#This Row],[Type of DC]]="1 - Major",Tableau1[[#This Row],[Type of DC]]="2 - Opportunistic",Tableau1[[#This Row],[Type of DC]]="6 - Catalog"),"OUI","NON") -> OUI | M23: Mark OLSZEWSKI | N23: 38.4551336 | O23: -77.9780767 | P23: https://plazza.orange.com/docs/DOC-759493
A24: =UPPER(_xlfn.CONCAT(LEFT(Tableau1[[#This Row],[Supplier]],2),LEFT(Tableau1[[#This Row],[City Area]],2),LEFT(Tableau1[[#This Row],[Datacenter name (supplier code)]],4),LEFT(Tableau1[[#This Row],[Country]],2),RIGHT(Tableau1[[#This Row],[Datacenter name (supplier code)]],2))) -> DRBEDR. CHNG | B24: APAC | C24: APAC | D24: China | E24: Beijing | F24: Beijing | G24: Dr. Peng | H24: not found on GINI | I24: No. 9 Jiuxianqiao North Road, Chaoyang District | J24: Dr. Peng | K24: 5 - Closed | L24: =IF(OR(Tableau1[[#This Row],[Type of DC]]="1 - Major",Tableau1[[#This Row],[Type of DC]]="2 - Opportunistic",Tableau1[[#This Row],[Type of DC]]="6 - Catalog"),"OUI","NON") -> NON | M24: Raymond CHEE | N24: 39.98794 | O24: 116.5
A25: =UPPER(_xlfn.CONCAT(LEFT(Tableau1[[#This Row],[Supplier]],2),LEFT(Tableau1[[#This Row],[City Area]],2),LEFT(Tableau1[[#This Row],[Datacenter name (supplier code)]],4),LEFT(Tableau1[[#This Row],[Country]],2),RIGHT(Tableau1[[#This Row],[Datacenter name (supplier code)]],2))) -> EQDADA3UNA3 | B25: AME | C25: NAM | D25: United States | E25: Texas | F25: Dallas | G25: Equinix | H25: not found on GINI | I25: 1950 North Stemmons Freeway, Dallas, Texas, United States of America, 75207 | J25: DA3 | K25: 2 - Opportunistic | L25: =IF(OR(Tableau1[[#This Row],[Type of DC]]="1 - Major",Tableau1[[#This Row],[Type of DC]]="2 - Opportunistic",Tableau1[[#This Row],[Type of DC]]="6 - Catalog"),"OUI","NON") -> OUI | M25: Mark OLSZEWSKI | N25: 32.8007033 | O25: -96.8191899 | P25: https://plazza.orange.com/docs/DOC-759493
A26: =UPPER(_xlfn.CONCAT(LEFT(Tableau1[[#This Row],[Supplier]],2),LEFT(Tableau1[[#This Row],[City Area]],2),LEFT(Tableau1[[#This Row],[Datacenter name (supplier code)]],4),LEFT(Tableau1[[#This Row],[Country]],2),RIGHT(Tableau1[[#This Row],[Datacenter name (supplier code)]],2))) -> NTTANTT CHPO | B26: APAC | C26: APAC | D26: China | E26: Hong Kong | F26: Tai Po | G26: NTT | H26: HKGD02 | I26: 2 Dai Hei Street, Tai Po Industrial Park, Tai Po, N.T., Hong Kong | J26: NTT Tai Po | K26: 5 - Closed | L26: =IF(OR(Tableau1[[#This Row],[Type of DC]]="1 - Major",Tableau1[[#This Row],[Type of DC]]="2 - Opportunistic",Tableau1[[#This Row],[Type of DC]]="6 - Catalog"),"OUI","NON") -> NON | M26: Raymond CHEE | N26: 22.453481 | O26: 114.1871295
A27: =UPPER(_xlfn.CONCAT(LEFT(Tableau1[[#This Row],[Supplier]],2),LEFT(Tableau1[[#This Row],[City Area]],2),LEFT(Tableau1[[#This Row],[Datacenter name (supplier code)]],4),LEFT(Tableau1[[#This Row],[Country]],2),RIGHT(Tableau1[[#This Row],[Datacenter name (supplier code)]],2))) -> EQASDC10UN10 | B27: AME | C27: NAM | D27: United States | E27: Virginia | F27: Ashburn | G27: Equinix | H27: n/a | I27: 21551 Beaumeade Circle, Ashburn, VA 20147 | J27: DC10 | K27: 2 - Opportunistic | L27: =IF(OR(Tableau1[[#This Row],[Type of DC]]="1 - Major",Tableau1[[#This Row],[Type of DC]]="2 - Opportunistic",Tableau1[[#This Row],[Type of DC]]="6 - Catalog"),"OUI","NON") -> OUI | M27: Mark OLSZEWSKI
A28: =UPPER(_xlfn.CONCAT(LEFT(Tableau1[[#This Row],[Supplier]],2),LEFT(Tableau1[[#This Row],[City Area]],2),LEFT(Tableau1[[#This Row],[Datacenter name (supplier code)]],4),LEFT(Tableau1[[#This Row],[Country]],2),RIGHT(Tableau1[[#This Row],[Datacenter name (supplier code)]],2))) -> EQASDC11UN11 | B28: AME | C28: NAM | D28: United States | E28: Virginia | F28: Ashburn | G28: Equinix | H28: IADF02 | I28: 21721 Filigree Court, Ashburn, VA 20147 | J28: DC11 | K28: 2 - Opportunistic | L28: =IF(OR(Tableau1[[#This Row],[Type of DC]]="1 - Major",Tableau1[[#This Row],[Type of DC]]="2 - Opportunistic",Tableau1[[#This Row],[Type of DC]]="6 - Catalog"),"OUI","NON") -> OUI | M28: Mark OLSZEWSKI | N28: 39.0152031 | O28: -77.4594652 | P28: https://plazza.orange.com/docs/DOC-759493
A29: =UPPER(_xlfn.CONCAT(LEFT(Tableau1[[#This Row],[Supplier]],2),LEFT(Tableau1[[#This Row],[City Area]],2),LEFT(Tableau1[[#This Row],[Datacenter name (supplier code)]],4),LEFT(Tableau1[[#This Row],[Country]],2),RIGHT(Tableau1[[#This Row],[Datacenter name (supplier code)]],2))) -> EQASDC13UN13 | B29: AME | C29: NAM | D29: United States | E29: Virginia | F29: Ashburn | G29: Equinix | H29: not found on GINI | I29: 21830 Uunet Way, Ashburn, Virginia, United States of America, 20147 | J29: DC13 | K29: 2 - Opportunistic | L29: =IF(OR(Tableau1[[#This Row],[Type of DC]]="1 - Major",Tableau1[[#This Row],[Type of DC]]="2 - Opportunistic",Tableau1[[#This Row],[Type of DC]]="6 - Catalog"),"OUI","NON") -> OUI | M29: Mark OLSZEWSKI | N29: 39.0124932 | O29: -77.4753692 | P29: https://plazza.orange.com/docs/DOC-759493
A30: =UPPER(_xlfn.CONCAT(LEFT(Tableau1[[#This Row],[Supplier]],2),LEFT(Tableau1[[#This Row],[City Area]],2),LEFT(Tableau1[[#This Row],[Datacenter name (supplier code)]],4),LEFT(Tableau1[[#This Row],[Country]],2),RIGHT(Tableau1[[#This Row],[Datacenter name (supplier code)]],2))) -> EQASDC21UN21 | B30: AME | C30: NAM | D30: United States | E30: Virginia | F30: Ashburn | G30: Equinix | H30: not found on GINI | I30: 22175 Beaumeade Circle, Ashburn, Virginia, United States of America, 20147 | J30: DC21 | K30: 2 - Opportunistic | L30: =IF(OR(Tableau1[[#This Row],[Type of DC]]="1 - Major",Tableau1[[#This Row],[Type of DC]]="2 - Opportunistic",Tableau1[[#This Row],[Type of DC]]="6 - Catalog"),"OUI","NON") -> OUI | M30: Mark OLSZEWSKI | N30: 39.0119765 | O30: -77.45414099999999 | P30: https://plazza.orange.com/docs/DOC-759493
A31: =UPPER(_xlfn.CONCAT(LEFT(Tableau1[[#This Row],[Supplier]],2),LEFT(Tableau1[[#This Row],[City Area]],2),LEFT(Tableau1[[#This Row],[Datacenter name (supplier code)]],4),LEFT(Tableau1[[#This Row],[Country]],2),RIGHT(Tableau1[[#This Row],[Datacenter name (supplier code)]],2))) -> EQASDC3UNC3 | B31: AME | C31: NAM | D31: United States | E31: Virginia | F31: Ashburn | G31: Equinix | H31: not found on GINI | I31: 44470 Chilum Place, 20147, Ashburn | J31: DC3 | K31: 2 - Opportunistic | L31: =IF(OR(Tableau1[[#This Row],[Type of DC]]="1 - Major",Tableau1[[#This Row],[Type of DC]]="2 - Opportunistic",Tableau1[[#This Row],[Type of DC]]="6 - Catalog"),"OUI","NON") -> OUI | M31: Mark OLSZEWSKI | N31: 39.0221038 | O31: -77.460696 | P31: https://plazza.orange.com/docs/DOC-759493
A32: =UPPER(_xlfn.CONCAT(LEFT(Tableau1[[#This Row],[Supplier]],2),LEFT(Tableau1[[#This Row],[City Area]],2),LEFT(Tableau1[[#This Row],[Datacenter name (supplier code)]],4),LEFT(Tableau1[[#This Row],[Country]],2),RIGHT(Tableau1[[#This Row],[Datacenter name (supplier code)]],2))) -> NTKWNTT CHNG | B32: APAC | C32: APAC | D32: China | E32: Hong Kong | F32: Kwai Chung | G32: NTT | H32: HKGD01 | I32: 15/F, Tower 2, Ever Gain Plaza, 88 Container Port Road, Kwai Chung, N.T., Hong Kong | J32: NTT Kwai Chung | K32: 5 - Closed | L32: =IF(OR(Tableau1[[#This Row],[Type of DC]]="1 - Major",Tableau1[[#This Row],[Type of DC]]="2 - Opportunistic",Tableau1[[#This Row],[Type of DC]]="6 - Catalog"),"OUI","NON") -> NON | M32: Raymond CHEE | N32: 22.3529122 | O32: 114.1245238
A33: =UPPER(_xlfn.CONCAT(LEFT(Tableau1[[#This Row],[Supplier]],2),LEFT(Tableau1[[#This Row],[City Area]],2),LEFT(Tableau1[[#This Row],[Datacenter name (supplier code)]],4),LEFT(Tableau1[[#This Row],[Country]],2),RIGHT(Tableau1[[#This Row],[Datacenter name (supplier code)]],2))) -> EQASDC4UNC4 | B33: AME | C33: NAM | D33: United States | E33: Virginia | F33: Ashburn | G33: Equinix | H33: IADD03 | I33: 21691 Filigree Court, Ashburn, Virginia, United States of America, 20147 | J33: DC4 | K33: 2 - Opportunistic | L33: =IF(OR(Tableau1[[#This Row],[Type of DC]]="1 - Major",Tableau1[[#This Row],[Type of DC]]="2 - Opportunistic",Tableau1[[#This Row],[Type of DC]]="6 - Catalog"),"OUI","NON") -> OUI | M33: Mark OLSZEWSKI | N33: 39.0164848 | O33: -77.4619615 | P33: https://plazza.orange.com/docs/DOC-759493
A34: =UPPER(_xlfn.CONCAT(LEFT(Tableau1[[#This Row],[Supplier]],2),LEFT(Tableau1[[#This Row],[City Area]],2),LEFT(Tableau1[[#This Row],[Datacenter name (supplier code)]],4),LEFT(Tableau1[[#This Row],[Country]],2),RIGHT(Tableau1[[#This Row],[Datacenter name (supplier code)]],2))) -> EQDEDE1UNE1 | B34: AME | C34: NAM | D34: United States | E34: Colorado | F34: Denver | G34: Equinix | H34: not found on GINI | I34: 9706 East Easter Avenue Suite 160 Englewood, CO 80112 | J34: DE1 | K34: 2 - Opportunistic | L34: =IF(OR(Tableau1[[#This Row],[Type of DC]]="1 - Major",Tableau1[[#This Row],[Type of DC]]="2 - Opportunistic",Tableau1[[#This Row],[Type of DC]]="6 - Catalog"),"OUI","NON") -> OUI | M34: Mark OLSZEWSKI | N34: 39.5873917 | O34: -104.8763163 | P34: https://plazza.orange.com/docs/DOC-759493
A35: =UPPER(_xlfn.CONCAT(LEFT(Tableau1[[#This Row],[Supplier]],2),LEFT(Tableau1[[#This Row],[City Area]],2),LEFT(Tableau1[[#This Row],[Datacenter name (supplier code)]],4),LEFT(Tableau1[[#This Row],[Country]],2),RIGHT(Tableau1[[#This Row],[Datacenter name (supplier code)]],2))) -> EQDEDE2UNE2 | B35: AME | C35: NAM | D35: United States | E35: Colorado | F35: Denver | G35: Equinix | H35: n/a | I35: 335 Inverness Drive South, Englewood, CO 80112 | J35: DE2 | K35: 2 - Opportunistic | L35: =IF(OR(Tableau1[[#This Row],[Type of DC]]="1 - Major",Tableau1[[#This Row],[Type of DC]]="2 - Opportunistic",Tableau1[[#This Row],[Type of DC]]="6 - Catalog"),"OUI","NON") -> OUI | M35: Mark OLSZEWSKI
A36: =UPPER(_xlfn.CONCAT(LEFT(Tableau1[[#This Row],[Supplier]],2),LEFT(Tableau1[[#This Row],[City Area]],2),LEFT(Tableau1[[#This Row],[Datacenter name (supplier code)]],4),LEFT(Tableau1[[#This Row],[Country]],2),RIGHT(Tableau1[[#This Row],[Datacenter name (supplier code)]],2))) -> EQNENY1UNY1 | B36: AME | C36: NAM | D36: United States | E36: New Jersey | F36: Newark | G36: Equinix | H36: EWRR01 | I36: 165 Halsey St, 8th Floor, Newark, New Jersey, United States of America, 07102 | J36: NY1 | K36: 2 - Opportunistic | L36: =IF(OR(Tableau1[[#This Row],[Type of DC]]="1 - Major",Tableau1[[#This Row],[Type of DC]]="2 - Opportunistic",Tableau1[[#This Row],[Type of DC]]="6 - Catalog"),"OUI","NON") -> OUI | M36: Mark OLSZEWSKI | N36: 40.7368442 | O36: -74.17340229999999 | P36: https://plazza.orange.com/docs/DOC-759493
A37: =UPPER(_xlfn.CONCAT(LEFT(Tableau1[[#This Row],[Supplier]],2),LEFT(Tableau1[[#This Row],[City Area]],2),LEFT(Tableau1[[#This Row],[Datacenter name (supplier code)]],4),LEFT(Tableau1[[#This Row],[Country]],2),RIGHT(Tableau1[[#This Row],[Datacenter name (supplier code)]],2))) -> EQSENY2UNY2 | B37: AME | C37: NAM | D37: United States | E37: New Jersey | F37: Secaucus | G37: Equinix | H37: EWRL02 | I37: 275 Hartz Way, Secaucus, New Jersey, United States of America, 07094 | J37: NY2 | K37: 2 - Opportunistic | L37: =IF(OR(Tableau1[[#This Row],[Type of DC]]="1 - Major",Tableau1[[#This Row],[Type of DC]]="2 - Opportunistic",Tableau1[[#This Row],[Type of DC]]="6 - Catalog"),"OUI","NON") -> OUI | M37: Mark OLSZEWSKI | N37: 40.7778177 | O37: -74.07590859999999 | P37: https://plazza.orange.com/docs/DOC-759493
A38: =UPPER(_xlfn.CONCAT(LEFT(Tableau1[[#This Row],[Supplier]],2),LEFT(Tableau1[[#This Row],[City Area]],2),LEFT(Tableau1[[#This Row],[Datacenter name (supplier code)]],4),LEFT(Tableau1[[#This Row],[Country]],2),RIGHT(Tableau1[[#This Row],[Datacenter name (supplier code)]],2))) -> EQSENY5UNY5 | B38: AME | C38: NAM | D38: United States | E38: New Jersey | F38: Secaucus | G38: Equinix | H38: to be determined with GINI | I38: 800 Secaucus Rd, Secaucus, New Jersey, United States of America, 07094 | J38: NY5 | K38: 2 - Opportunistic | L38: =IF(OR(Tableau1[[#This Row],[Type of DC]]="1 - Major",Tableau1[[#This Row],[Type of DC]]="2 - Opportunistic",Tableau1[[#This Row],[Type of DC]]="6 - Catalog"),"OUI","NON") -> OUI | M38: Mark OLSZEWSKI | N38: 40.7785344 | O38: -74.0722373 | P38: https://plazza.orange.com/docs/DOC-759493
A39: =UPPER(_xlfn.CONCAT(LEFT(Tableau1[[#This Row],[Supplier]],2),LEFT(Tableau1[[#This Row],[City Area]],2),LEFT(Tableau1[[#This Row],[Datacenter name (supplier code)]],4),LEFT(Tableau1[[#This Row],[Country]],2),RIGHT(Tableau1[[#This Row],[Datacenter name (supplier code)]],2))) -> EQNEEQUAFR01 | B39: EMEA | C39: EMEA | D39: France | E39: Paris | F39: Neuilly | G39: Equant | H39: PART01 | I39: 112 Avenue Charles de Gaulle, 92522 Neuilly/Seine | J39: Equant PART01 | K39: 5 - Closed | L39: =IF(OR(Tableau1[[#This Row],[Type of DC]]="1 - Major",Tableau1[[#This Row],[Type of DC]]="2 - Opportunistic",Tableau1[[#This Row],[Type of DC]]="6 - Catalog"),"OUI","NON") -> NON | M39: Samy TAHIRI | N39: 48.8826709 | O39: 2.268323
A40: =UPPER(_xlfn.CONCAT(LEFT(Tableau1[[#This Row],[Supplier]],2),LEFT(Tableau1[[#This Row],[City Area]],2),LEFT(Tableau1[[#This Row],[Datacenter name (supplier code)]],4),LEFT(Tableau1[[#This Row],[Country]],2),RIGHT(Tableau1[[#This Row],[Datacenter name (supplier code)]],2))) -> ORNANANTFRIF | B40: EMEA | C40: EMEA | D40: France | E40: Paris | F40: Nanterre | G40: Orange France | H40: PARH02 | I40: 24, boulevard Jules Mansard 92000 NANTERRE. | J40: Nanterre - DIF | K40: 5 - Closed | L40: =IF(OR(Tableau1[[#This Row],[Type of DC]]="1 - Major",Tableau1[[#This Row],[Type of DC]]="2 - Opportunistic",Tableau1[[#This Row],[Type of DC]]="6 - Catalog"),"OUI","NON") -> NON | M40: Samy TAHIRI | N40: 48.8992225 | O40: 2.2111
A41: =UPPER(_xlfn.CONCAT(LEFT(Tableau1[[#This Row],[Supplier]],2),LEFT(Tableau1[[#This Row],[City Area]],2),LEFT(Tableau1[[#This Row],[Datacenter name (supplier code)]],4),LEFT(Tableau1[[#This Row],[Country]],2),RIGHT(Tableau1[[#This Row],[Datacenter name (supplier code)]],2))) -> EQSENY6UNY6 | B41: AME | C41: NAM | D41: United States | E41: New Jersey | F41: Secaucus | G41: Equinix | H41: NYCC31 | I41: 105 Enterprise Avenue South, Secaucus, New Jersey, United States of America, 7094 | J41: NY6 | K41: 2 - Opportunistic | L41: =IF(OR(Tableau1[[#This Row],[Type of DC]]="1 - Major",Tableau1[[#This Row],[Type of DC]]="2 - Opportunistic",Tableau1[[#This Row],[Type of DC]]="6 - Catalog"),"OUI","NON") -> OUI | M41: Mark OLSZEWSKI | N41: 40.7775316 | O41: -74.072788 | P41: https://plazza.orange.com/docs/DOC-759493
A42: =UPPER(_xlfn.CONCAT(LEFT(Tableau1[[#This Row],[Supplier]],2),LEFT(Tableau1[[#This Row],[City Area]],2),LEFT(Tableau1[[#This Row],[Datacenter name (supplier code)]],4),LEFT(Tableau1[[#This Row],[Country]],2),RIGHT(Tableau1[[#This Row],[Datacenter name (supplier code)]],2))) -> EQNENY9UNY9 | B42: AME | C42: NAM | D42: United States | E42: New York | F42: New York | G42: Equinix | H42: not found on GINI | I42: 111 8th Ave, New York, New York, United States of America, 10011 | J42: NY9 | K42: 2 - Opportunistic | L42: =IF(OR(Tableau1[[#This Row],[Type of DC]]="1 - Major",Tableau1[[#This Row],[Type of DC]]="2 - Opportunistic",Tableau1[[#This Row],[Type of DC]]="6 - Catalog"),"OUI","NON") -> OUI | M42: Mark OLSZEWSKI | N42: 40.7414911 | O42: -74.00338889999999 | P42: https://plazza.orange.com/docs/DOC-759493
A43: =UPPER(_xlfn.CONCAT(LEFT(Tableau1[[#This Row],[Supplier]],2),LEFT(Tableau1[[#This Row],[City Area]],2),LEFT(Tableau1[[#This Row],[Datacenter name (supplier code)]],4),LEFT(Tableau1[[#This Row],[Country]],2),RIGHT(Tableau1[[#This Row],[Datacenter name (supplier code)]],2))) -> EQSESE2UNE2 | B43: AME | C43: NAM | D43: United States | E43: Washington | F43: Seattle | G43: Equinix | H43: SEAC04 | I43: 2001 Sixth Ave, #350, Seattle, Washington, United States of America, 98121 | J43: SE2 | K43: 2 - Opportunistic | L43: =IF(OR(Tableau1[[#This Row],[Type of DC]]="1 - Major",Tableau1[[#This Row],[Type of DC]]="2 - Opportunistic",Tableau1[[#This Row],[Type of DC]]="6 - Catalog"),"OUI","NON") -> OUI | M43: Mark OLSZEWSKI | N43: 47.6143474 | O43: -122.3388835 | P43: https://plazza.orange.com/docs/DOC-759493
A44: =UPPER(_xlfn.CONCAT(LEFT(Tableau1[[#This Row],[Supplier]],2),LEFT(Tableau1[[#This Row],[City Area]],2),LEFT(Tableau1[[#This Row],[Datacenter name (supplier code)]],4),LEFT(Tableau1[[#This Row],[Country]],2),RIGHT(Tableau1[[#This Row],[Datacenter name (supplier code)]],2))) -> EQSESE3UNE3 | B44: AME | C44: NAM | D44: United States | E44: Washington | F44: Seattle | G44: Equinix | H44: SEAL02 | I44: 2020 Fifth Avenue, Seattle, Washington, United States of America, 98121 | J44: SE3 | K44: 2 - Opportunistic | L44: =IF(OR(Tableau1[[#This Row],[Type of DC]]="1 - Major",Tableau1[[#This Row],[Type of DC]]="2 - Opportunistic",Tableau1[[#This Row],[Type of DC]]="6 - Catalog"),"OUI","NON") -> OUI | M44: Mark OLSZEWSKI | N44: 47.6144214 | O44: -122.3397413 | P44: https://plazza.orange.com/docs/DOC-759493
A45: =UPPER(_xlfn.CONCAT(LEFT(Tableau1[[#This Row],[Supplier]],2),LEFT(Tableau1[[#This Row],[City Area]],2),LEFT(Tableau1[[#This Row],[Datacenter name (supplier code)]],4),LEFT(Tableau1[[#This Row],[Country]],2),RIGHT(Tableau1[[#This Row],[Datacenter name (supplier code)]],2))) -> EQSASV1UNV1 | B45: AME | C45: NAM | D45: United States | E45: California | F45: San Jose | G45: Equinix | H45: SJCC05 | I45: 11 Great Oaks Boulevard, San Jose, California, United States of America, 95119 | J45: SV1 | K45: 2 - Opportunistic | L45: =IF(OR(Tableau1[[#This Row],[Type of DC]]="1 - Major",Tableau1[[#This Row],[Type of DC]]="2 - Opportunistic",Tableau1[[#This Row],[Type of DC]]="6 - Catalog"),"OUI","NON") -> OUI | M45: Mark OLSZEWSKI | N45: 37.2415378 | O45: -121.783474 | P45: https://plazza.orange.com/docs/DOC-759493
A46: =UPPER(_xlfn.CONCAT(LEFT(Tableau1[[#This Row],[Supplier]],2),LEFT(Tableau1[[#This Row],[City Area]],2),LEFT(Tableau1[[#This Row],[Datacenter name (supplier code)]],4),LEFT(Tableau1[[#This Row],[Country]],2),RIGHT(Tableau1[[#This Row],[Datacenter name (supplier code)]],2))) -> EQSASV10UN10 | B46: AME | C46: NAM | D46: United States | E46: California | F46: San Jose | G46: Equinix | H46: SJCF02 | I46: 7 Great Oaks Boulevard, N/A, San Jose, California, United States of America, 95119 | J46: SV10 | K46: 2 - Opportunistic | L46: =IF(OR(Tableau1[[#This Row],[Type of DC]]="1 - Major",Tableau1[[#This Row],[Type of DC]]="2 - Opportunistic",Tableau1[[#This Row],[Type of DC]]="6 - Catalog"),"OUI","NON") -> OUI | M46: Mark OLSZEWSKI | N46: 37.2413955 | O46: -121.7849556 | P46: https://plazza.orange.com/docs/DOC-759493
A47: =UPPER(_xlfn.CONCAT(LEFT(Tableau1[[#This Row],[Supplier]],2),LEFT(Tableau1[[#This Row],[City Area]],2),LEFT(Tableau1[[#This Row],[Datacenter name (supplier code)]],4),LEFT(Tableau1[[#This Row],[Country]],2),RIGHT(Tableau1[[#This Row],[Datacenter name (supplier code)]],2))) -> EQCOPA1FRA1 | B47: EMEA | C47: EMEA | D47: France | E47: Paris | F47: Courbevoie | G47: Equinix | H47: not found on GINI | I47: 167 Rue de la Belle Etoile, 95948 Roissy-en-France | J47: PA1 | K47: 4 - Frozen | L47: =IF(OR(Tableau1[[#This Row],[Type of DC]]="1 - Major",Tableau1[[#This Row],[Type of DC]]="2 - Opportunistic",Tableau1[[#This Row],[Type of DC]]="6 - Catalog"),"OUI","NON") -> NON | M47: Samy TAHIRI | N47: 48.9837033 | O47: 2.5071675
A48: =UPPER(_xlfn.CONCAT(LEFT(Tableau1[[#This Row],[Supplier]],2),LEFT(Tableau1[[#This Row],[City Area]],2),LEFT(Tableau1[[#This Row],[Datacenter name (supplier code)]],4),LEFT(Tableau1[[#This Row],[Country]],2),RIGHT(Tableau1[[#This Row],[Datacenter name (supplier code)]],2))) -> EQSASV16UN16 | B48: AME | C48: NAM | D48: United States | E48: California | F48: San Jose | G48: Equinix | H48: n/a | I48: 3000 Corvin Drive, POd B, Santa Clara, CA 95051 | J48: SV16 | K48: 2 - Opportunistic | L48: =IF(OR(Tableau1[[#This Row],[Type of DC]]="1 - Major",Tableau1[[#This Row],[Type of DC]]="2 - Opportunistic",Tableau1[[#This Row],[Type of DC]]="6 - Catalog"),"OUI","NON") -> OUI | M48: Mark OLSZEWSKI
A49: =UPPER(_xlfn.CONCAT(LEFT(Tableau1[[#This Row],[Supplier]],2),LEFT(Tableau1[[#This Row],[City Area]],2),LEFT(Tableau1[[#This Row],[Datacenter name (supplier code)]],4),LEFT(Tableau1[[#This Row],[Country]],2),RIGHT(Tableau1[[#This Row],[Datacenter name (supplier code)]],2))) -> EQSASV3UNV3 | B49: AME | C49: NAM | D49: United States | E49: California | F49: San Jose | G49: Equinix | H49: not found on GINI | I49: 1735 Lundy Ave, San Jose, California, United States of America, 95131 | J49: SV3 | K49: 2 - Opportunistic | L49: =IF(OR(Tableau1[[#This Row],[Type of DC]]="1 - Major",Tableau1[[#This Row],[Type of DC]]="2 - Opportunistic",Tableau1[[#This Row],[Type of DC]]="6 - Catalog"),"OUI","NON") -> OUI | M49: Mark OLSZEWSKI | N49: 37.38823470000001 | O49: -121.8884572 | P49: https://plazza.orange.com/docs/DOC-759493
A50: =UPPER(_xlfn.CONCAT(LEFT(Tableau1[[#This Row],[Supplier]],2),LEFT(Tableau1[[#This Row],[City Area]],2),LEFT(Tableau1[[#This Row],[Datacenter name (supplier code)]],4),LEFT(Tableau1[[#This Row],[Country]],2),RIGHT(Tableau1[[#This Row],[Datacenter name (supplier code)]],2))) -> EQSASV5UNV5 | B50: AME | C50: NAM | D50: United States | E50: California | F50: San Jose | G50: Equinix | H50: SJCD02 | I50: 9 Great Oaks Boulevard, San Jose, California, United States of America, 95119 | J50: SV5 | K50: 2 - Opportunistic | L50: =IF(OR(Tableau1[[#This Row],[Type of DC]]="1 - Major",Tableau1[[#This Row],[Type of DC]]="2 - Opportunistic",Tableau1[[#This Row],[Type of DC]]="6 - Catalog"),"OUI","NON") -> OUI | M50: Mark OLSZEWSKI | N50: 37.2418698 | O50: -121.7816047 | P50: https://plazza.orange.com/docs/DOC-759493
A51: =UPPER(_xlfn.CONCAT(LEFT(Tableau1[[#This Row],[Supplier]],2),LEFT(Tableau1[[#This Row],[City Area]],2),LEFT(Tableau1[[#This Row],[Datacenter name (supplier code)]],4),LEFT(Tableau1[[#This Row],[Country]],2),RIGHT(Tableau1[[#This Row],[Datacenter name (supplier code)]],2))) -> COSENY2 UNTE | B51: AME | C51: NAM | D51: United States | E51: New Jersey | F51: Secaucus | G51: CoreSite | H51: EWRL02 | I51: 2 Emerson Lane, 7094, Secaucus, 1st Floor, Cabinet 0208 | J51: NY2 - CoreSite | K51: 2 - Opportunistic | L51: =IF(OR(Tableau1[[#This Row],[Type of DC]]="1 - Major",Tableau1[[#This Row],[Type of DC]]="2 - Opportunistic",Tableau1[[#This Row],[Type of DC]]="6 - Catalog"),"OUI","NON") -> OUI | M51: Mark OLSZEWSKI | N51: 40.7833916 | O51: -74.06468799999999 | P51: https://plazza.orange.com/docs/DOC-1766490
A52: =UPPER(_xlfn.CONCAT(LEFT(Tableau1[[#This Row],[Supplier]],2),LEFT(Tableau1[[#This Row],[City Area]],2),LEFT(Tableau1[[#This Row],[Datacenter name (supplier code)]],4),LEFT(Tableau1[[#This Row],[Country]],2),RIGHT(Tableau1[[#This Row],[Datacenter name (supplier code)]],2))) -> DICHCHI1UNI1 | B52: AME | C52: NAM | D52: United States | E52: Illinois | F52: Chicago | G52: Digital Realty | H52: CHIL03 | I52: 350 E Cermak Rd, 4th Floor, Chicago, Illinois, United States of America, 60616 | J52: CHI1 | K52: 2 - Opportunistic | L52: =IF(OR(Tableau1[[#This Row],[Type of DC]]="1 - Major",Tableau1[[#This Row],[Type of DC]]="2 - Opportunistic",Tableau1[[#This Row],[Type of DC]]="6 - Catalog"),"OUI","NON") -> OUI | M52: Mark OLSZEWSKI | N52: 41.8531135 | O52: -87.6183281 | P52: https://plazza.orange.com/docs/DOC-1766515
A53: =UPPER(_xlfn.CONCAT(LEFT(Tableau1[[#This Row],[Supplier]],2),LEFT(Tableau1[[#This Row],[City Area]],2),LEFT(Tableau1[[#This Row],[Datacenter name (supplier code)]],4),LEFT(Tableau1[[#This Row],[Country]],2),RIGHT(Tableau1[[#This Row],[Datacenter name (supplier code)]],2))) -> EQBRBR1AUR1 | B53: APAC | C53: APAC | D53: Australia | E53: Brisbane | F53: Brisbane | G53: Equinix | H53: BNET01 | I53: Fortitude Valley, Bowen Hills Brisbane, Australie , QLD 4006 | J53: BR1 | K53: 2 - Opportunistic | L53: =IF(OR(Tableau1[[#This Row],[Type of DC]]="1 - Major",Tableau1[[#This Row],[Type of DC]]="2 - Opportunistic",Tableau1[[#This Row],[Type of DC]]="6 - Catalog"),"OUI","NON") -> OUI | M53: John YIP | N53: -27.457826 | O53: 153.0356579 | P53: https://plazza.orange.com/docs/DOC-2345828
A54: =UPPER(_xlfn.CONCAT(LEFT(Tableau1[[#This Row],[Supplier]],2),LEFT(Tableau1[[#This Row],[City Area]],2),LEFT(Tableau1[[#This Row],[Datacenter name (supplier code)]],4),LEFT(Tableau1[[#This Row],[Country]],2),RIGHT(Tableau1[[#This Row],[Datacenter name (supplier code)]],2))) -> EQPOME1AUE1 | B54: APAC | C54: APAC | D54: Australia | E54: Melbourne | F54: Port Melbourne | G54: Equinix | H54: not found on GINI | I54: Equinix ME1 Data Centre, 578 Lorimer Street, Port Melbourne,, AU, VIC 3207 | J54: ME1 | K54: 2 - Opportunistic | L54: =IF(OR(Tableau1[[#This Row],[Type of DC]]="1 - Major",Tableau1[[#This Row],[Type of DC]]="2 - Opportunistic",Tableau1[[#This Row],[Type of DC]]="6 - Catalog"),"OUI","NON") -> OUI | M54: John YIP | N54: -37.8230112 | O54: 144.9153835 | P54: https://plazza.orange.com/docs/DOC-2345828
A55: =UPPER(_xlfn.CONCAT(LEFT(Tableau1[[#This Row],[Supplier]],2),LEFT(Tableau1[[#This Row],[City Area]],2),LEFT(Tableau1[[#This Row],[Datacenter name (supplier code)]],4),LEFT(Tableau1[[#This Row],[Country]],2),RIGHT(Tableau1[[#This Row],[Datacenter name (supplier code)]],2))) -> EQALSY4AUY4 | B55: APAC | C55: APAC | D55: Australia | E55: Sydney | F55: Alexandria | G55: Equinix | H55: not found on GINI | I55: Equinix SY4 Data Centre, 200 Bourke Road, Alexandria, Sydney, NSW 2015 AU | J55: SY4 | K55: 2 - Opportunistic | L55: =IF(OR(Tableau1[[#This Row],[Type of DC]]="1 - Major",Tableau1[[#This Row],[Type of DC]]="2 - Opportunistic",Tableau1[[#This Row],[Type of DC]]="6 - Catalog"),"OUI","NON") -> OUI | M55: John YIP | N55: -33.9182045 | O55: 151.1893617 | P55: https://plazza.orange.com/docs/DOC-2345828
A56: =UPPER(_xlfn.CONCAT(LEFT(Tableau1[[#This Row],[Supplier]],2),LEFT(Tableau1[[#This Row],[City Area]],2),LEFT(Tableau1[[#This Row],[Datacenter name (supplier code)]],4),LEFT(Tableau1[[#This Row],[Country]],2),RIGHT(Tableau1[[#This Row],[Datacenter name (supplier code)]],2))) -> EQALSY6AUY6 | B56: APAC | C56: APAC | D56: Australia | E56: Sydney | F56: Alexandria | G56: Equinix | H56: not found on GINI | I56: Equinix SY6 Data Centre, 8-14 Egerton St, Silverwater, Sydney, NSW 2128, Australia | J56: SY6 | K56: 2 - Opportunistic | L56: =IF(OR(Tableau1[[#This Row],[Type of DC]]="1 - Major",Tableau1[[#This Row],[Type of DC]]="2 - Opportunistic",Tableau1[[#This Row],[Type of DC]]="6 - Catalog"),"OUI","NON") -> OUI | M56: John YIP | N56: -33.83701300000001 | O56: 151.053381 | P56: https://plazza.orange.com/docs/DOC-2345828
A57: =UPPER(_xlfn.CONCAT(LEFT(Tableau1[[#This Row],[Supplier]],2),LEFT(Tableau1[[#This Row],[City Area]],2),LEFT(Tableau1[[#This Row],[Datacenter name (supplier code)]],4),LEFT(Tableau1[[#This Row],[Country]],2),RIGHT(Tableau1[[#This Row],[Datacenter name (supplier code)]],2))) -> ORCECESSFRON | B57: EMEA | C57: EMEA | D57: France | E57: Rennes | F57: Cesson Sevigne | G57: Orange France | H57: ZFJP01 | I57: Orange Business Services, 9 rue du chene Germain, Cesson Sevigne 35512 | J57: Cesson | K57: 4 - Frozen | L57: =IF(OR(Tableau1[[#This Row],[Type of DC]]="1 - Major",Tableau1[[#This Row],[Type of DC]]="2 - Opportunistic",Tableau1[[#This Row],[Type of DC]]="6 - Catalog"),"OUI","NON") -> NON | M57: Samy TAHIRI | N57: 48.1301316 | O57: -1.62541
A58: =UPPER(_xlfn.CONCAT(LEFT(Tableau1[[#This Row],[Supplier]],2),LEFT(Tableau1[[#This Row],[City Area]],2),LEFT(Tableau1[[#This Row],[Datacenter name (supplier code)]],4),LEFT(Tableau1[[#This Row],[Country]],2),RIGHT(Tableau1[[#This Row],[Datacenter name (supplier code)]],2))) -> TEPATH1FRH1 | B58: EMEA | C58: EMEA | D58: France | E58: Paris | F58: Paris | G58: Telehouse | H58: not found on GINI | I58: 38 Rue des Jeuneurs, 75002 Paris | J58: TH1 | K58: 4 - Frozen | L58: =IF(OR(Tableau1[[#This Row],[Type of DC]]="1 - Major",Tableau1[[#This Row],[Type of DC]]="2 - Opportunistic",Tableau1[[#This Row],[Type of DC]]="6 - Catalog"),"OUI","NON") -> NON | M58: Samy TAHIRI | N58: 48.8699839 | O58: 2.3443919
A59: =UPPER(_xlfn.CONCAT(LEFT(Tableau1[[#This Row],[Supplier]],2),LEFT(Tableau1[[#This Row],[City Area]],2),LEFT(Tableau1[[#This Row],[Datacenter name (supplier code)]],4),LEFT(Tableau1[[#This Row],[Country]],2),RIGHT(Tableau1[[#This Row],[Datacenter name (supplier code)]],2))) -> EQWOSY7AUY7 | B59: APAC | C59: APAC | D59: Australia | E59: Sydney | F59: Wollongong | G59: Equinix | H59: not found on GINI | I59: Equinix SY7 Data Centre, Lot 102 Lathe Place, Unanderra, Wollongong, NSW 2526, Australia | J59: SY7 | K59: 2 - Opportunistic | L59: =IF(OR(Tableau1[[#This Row],[Type of DC]]="1 - Major",Tableau1[[#This Row],[Type of DC]]="2 - Opportunistic",Tableau1[[#This Row],[Type of DC]]="6 - Catalog"),"OUI","NON") -> OUI | M59: John YIP | N59: -34.4629821 | O59: 150.8578338 | P59: https://plazza.orange.com/docs/DOC-2345828
A60: =UPPER(_xlfn.CONCAT(LEFT(Tableau1[[#This Row],[Supplier]],2),LEFT(Tableau1[[#This Row],[City Area]],2),LEFT(Tableau1[[#This Row],[Datacenter name (supplier code)]],4),LEFT(Tableau1[[#This Row],[Country]],2),RIGHT(Tableau1[[#This Row],[Datacenter name (supplier code)]],2))) -> EQALSY1AUY1 | B60: APAC | C60: APAC | D60: Australia | E60: Sydney | F60: Alexandria | G60: Equinix | H60: not found on GINI | I60: Equinix SY1 Data Centre, 639 Gardeners Road, Unit B, Mascot, Sydney, NSW 2020, Australia | J60: SY1 | K60: 2 - Opportunistic | L60: =IF(OR(Tableau1[[#This Row],[Type of DC]]="1 - Major",Tableau1[[#This Row],[Type of DC]]="2 - Opportunistic",Tableau1[[#This Row],[Type of DC]]="6 - Catalog"),"OUI","NON") -> OUI | M60: John YIP | N60: -33.9213904 | O60: 151.1882048 | P60: https://plazza.orange.com/docs/DOC-2345828
A61: =UPPER(_xlfn.CONCAT(LEFT(Tableau1[[#This Row],[Supplier]],2),LEFT(Tableau1[[#This Row],[City Area]],2),LEFT(Tableau1[[#This Row],[Datacenter name (supplier code)]],4),LEFT(Tableau1[[#This Row],[Country]],2),RIGHT(Tableau1[[#This Row],[Datacenter name (supplier code)]],2))) -> ORCHCHEVFRIF | B61: EMEA | C61: EMEA | D61: France | E61: Paris | F61: Chevilly Larue | G61: Orange France | H61: PARH04 | I61: Orange Business Services - 72-74 av. De la Republique, 94550 Chevilly-Larue | J61: Chevilly - DIF | K61: 5 - Closed | L61: =IF(OR(Tableau1[[#This Row],[Type of DC]]="1 - Major",Tableau1[[#This Row],[Type of DC]]="2 - Opportunistic",Tableau1[[#This Row],[Type of DC]]="6 - Catalog"),"OUI","NON") -> NON | M61: Samy TAHIRI | N61: 48.7612028 | O61: 2.365006
A62: =UPPER(_xlfn.CONCAT(LEFT(Tableau1[[#This Row],[Supplier]],2),LEFT(Tableau1[[#This Row],[City Area]],2),LEFT(Tableau1[[#This Row],[Datacenter name (supplier code)]],4),LEFT(Tableau1[[#This Row],[Country]],2),RIGHT(Tableau1[[#This Row],[Datacenter name (supplier code)]],2))) -> ORRURUEIFRIF | B62: EMEA | C62: EMEA | D62: France | E62: Paris | F62: Rueil-Malmaison | G62: Orange France | H62: QEVH01 | I62: Orange Business Services - 90 rue Pierre Brossolette, 92500 Rueil Malmaison | J62: Rueil - DIF | K62: 5 - Closed | L62: =IF(OR(Tableau1[[#This Row],[Type of DC]]="1 - Major",Tableau1[[#This Row],[Type of DC]]="2 - Opportunistic",Tableau1[[#This Row],[Type of DC]]="6 - Catalog"),"OUI","NON") -> NON | M62: Samy TAHIRI | N62: 48.8837252 | O62: 2.1864777
A63: =UPPER(_xlfn.CONCAT(LEFT(Tableau1[[#This Row],[Supplier]],2),LEFT(Tableau1[[#This Row],[City Area]],2),LEFT(Tableau1[[#This Row],[Datacenter name (supplier code)]],4),LEFT(Tableau1[[#This Row],[Country]],2),RIGHT(Tableau1[[#This Row],[Datacenter name (supplier code)]],2))) -> EQFRESCHGERN | B63: EMEA | C63: EMEA | D63: Germany | E63: Frankfurt | F63: Frankfurt | G63: Equant | H63: not found on GINI | I63: Rahmannstraße 11 65760 Eschborn, Germany | J63: Eschborn | K63: 4 - Frozen | L63: =IF(OR(Tableau1[[#This Row],[Type of DC]]="1 - Major",Tableau1[[#This Row],[Type of DC]]="2 - Opportunistic",Tableau1[[#This Row],[Type of DC]]="6 - Catalog"),"OUI","NON") -> NON | M63: Alex TASSOT | N63: 50.13195 | O63: 8.5694871
A64: =UPPER(_xlfn.CONCAT(LEFT(Tableau1[[#This Row],[Supplier]],2),LEFT(Tableau1[[#This Row],[City Area]],2),LEFT(Tableau1[[#This Row],[Datacenter name (supplier code)]],4),LEFT(Tableau1[[#This Row],[Country]],2),RIGHT(Tableau1[[#This Row],[Datacenter name (supplier code)]],2))) -> EQALSY2AUY2 | B64: APAC | C64: APAC | D64: Australia | E64: Sydney | F64: Alexandria | G64: Equinix | H64: SYDD02 | I64: Equinix SY2 Data Centre, 639 Gardeners Road, Unit C, Mascot, Sydney, NSW 2020, Australia | J64: SY2 | K64: 1 - Major | L64: =IF(OR(Tableau1[[#This Row],[Type of DC]]="1 - Major",Tableau1[[#This Row],[Type of DC]]="2 - Opportunistic",Tableau1[[#This Row],[Type of DC]]="6 - Catalog"),"OUI","NON") -> OUI | M64: John YIP | N64: -33.9218878 | O64: 151.1881905 | P64: https://plazza.orange.com/docs/DOC-2345828
A65: =UPPER(_xlfn.CONCAT(LEFT(Tableau1[[#This Row],[Supplier]],2),LEFT(Tableau1[[#This Row],[City Area]],2),LEFT(Tableau1[[#This Row],[Datacenter name (supplier code)]],4),LEFT(Tableau1[[#This Row],[Country]],2),RIGHT(Tableau1[[#This Row],[Datacenter name (supplier code)]],2))) -> EQALSY3AUY3 | B65: APAC | C65: APAC | D65: Australia | E65: Sydney | F65: Alexandria | G65: Equinix | H65: not found on GINI | I65: Equinix SY3 Data Centre, 47 Bourke Road, Alexandria, Sydney, NSW 2015, Australia | J65: SY3 | K65: 2 - Opportunistic | L65: =IF(OR(Tableau1[[#This Row],[Type of DC]]="1 - Major",Tableau1[[#This Row],[Type of DC]]="2 - Opportunistic",Tableau1[[#This Row],[Type of DC]]="6 - Catalog"),"OUI","NON") -> OUI | M65: John YIP | N65: -33.9117762 | O65: 151.1929422 | P65: https://plazza.orange.com/docs/DOC-2345828
A66: =UPPER(_xlfn.CONCAT(LEFT(Tableau1[[#This Row],[Supplier]],2),LEFT(Tableau1[[#This Row],[City Area]],2),LEFT(Tableau1[[#This Row],[Datacenter name (supplier code)]],4),LEFT(Tableau1[[#This Row],[Country]],2),RIGHT(Tableau1[[#This Row],[Datacenter name (supplier code)]],2))) -> 21BEYANJCHAO | B66: APAC | C66: APAC | D66: China | E66: Beijing | F66: Beijing | G66: 21Vianet | H66: not found on GINI | I66: No. 596, Shenwei North Street, Yanjiao High-tech Zone, Sanhe City, Hebei Province, 河北省三河市燕郊高新区神威北大街596 号 | J66: Yanjiao | K66: 2 - Opportunistic | L66: =IF(OR(Tableau1[[#This Row],[Type of DC]]="1 - Major",Tableau1[[#This Row],[Type of DC]]="2 - Opportunistic",Tableau1[[#This Row],[Type of DC]]="6 - Catalog"),"OUI","NON") -> OUI | M66: Raymond CHEE | N66: 39.945997 | O66: 116.809217 | P66: To be done
A67: =UPPER(_xlfn.CONCAT(LEFT(Tableau1[[#This Row],[Supplier]],2),LEFT(Tableau1[[#This Row],[City Area]],2),LEFT(Tableau1[[#This Row],[Datacenter name (supplier code)]],4),LEFT(Tableau1[[#This Row],[Country]],2),RIGHT(Tableau1[[#This Row],[Datacenter name (supplier code)]],2))) -> 21SHWAIGCHAO | B67: APAC | C67: APAC | D67: China | E67: Shanghai | F67: Shanghai | G67: 21Vianet | H67: not found on GINI | I67: No. 99, Fute West 1st Road, Waigaoqiao Free Trade Zone, Pudong New Area, Shanghai 上海市浦东新区外高桥保税区富特西一路99 号 | J67: Waigaoqiao | K67: 2 - Opportunistic | L67: =IF(OR(Tableau1[[#This Row],[Type of DC]]="1 - Major",Tableau1[[#This Row],[Type of DC]]="2 - Opportunistic",Tableau1[[#This Row],[Type of DC]]="6 - Catalog"),"OUI","NON") -> OUI | M67: Raymond CHEE | N67: 31.34185 | O67: 121.5909 | P67: To be done
A68: =UPPER(_xlfn.CONCAT(LEFT(Tableau1[[#This Row],[Supplier]],2),LEFT(Tableau1[[#This Row],[City Area]],2),LEFT(Tableau1[[#This Row],[Datacenter name (supplier code)]],4),LEFT(Tableau1[[#This Row],[Country]],2),RIGHT(Tableau1[[#This Row],[Datacenter name (supplier code)]],2))) -> EQHOHK1CHK1 | B68: APAC | C68: APAC | D68: China | E68: Hong Kong | F68: Hong Kong | G68: Equinix | H68: not found on GINI | I68: Equinix HK1 Data Centre, 17/F Global Gateway, 168 Yeung Uk Road, Tsuen Wan, N.T., Hong Kong | J68: HK1 | K68: 2 - Opportunistic | L68: =IF(OR(Tableau1[[#This Row],[Type of DC]]="1 - Major",Tableau1[[#This Row],[Type of DC]]="2 - Opportunistic",Tableau1[[#This Row],[Type of DC]]="6 - Catalog"),"OUI","NON") -> OUI | M68: Raymond CHEE | N68: 22.365483 | O68: 114.1193175 | P68: https://plazza.orange.com/docs/DOC-2345841
A69: =UPPER(_xlfn.CONCAT(LEFT(Tableau1[[#This Row],[Supplier]],2),LEFT(Tableau1[[#This Row],[City Area]],2),LEFT(Tableau1[[#This Row],[Datacenter name (supplier code)]],4),LEFT(Tableau1[[#This Row],[Country]],2),RIGHT(Tableau1[[#This Row],[Datacenter name (supplier code)]],2))) -> EQFRFRAXGE01 | B69: EMEA | C69: EMEA | D69: Germany | E69: Frankfurt | F69: Frankfurt | G69: Equant | H69: FRAX01 | I69: Kleyerstraße 90 60326 Frankfurt am Main, Germany | J69: FRAX01 | K69: 4 - Frozen | L69: =IF(OR(Tableau1[[#This Row],[Type of DC]]="1 - Major",Tableau1[[#This Row],[Type of DC]]="2 - Opportunistic",Tableau1[[#This Row],[Type of DC]]="6 - Catalog"),"OUI","NON") -> NON | M69: Alex TASSOT | N69: 50.098879 | O69: 8.6320118
A70: =UPPER(_xlfn.CONCAT(LEFT(Tableau1[[#This Row],[Supplier]],2),LEFT(Tableau1[[#This Row],[City Area]],2),LEFT(Tableau1[[#This Row],[Datacenter name (supplier code)]],4),LEFT(Tableau1[[#This Row],[Country]],2),RIGHT(Tableau1[[#This Row],[Datacenter name (supplier code)]],2))) -> PCKWMCX1CH10 | B70: APAC | C70: APAC | D70: China | E70: Hong Kong | F70: Kwai Chung | G70: PCCW Vantage | H70: HKGH01 | I70: PCCW Vantage MCX10 Data Cente, Cargo Consolidation Complex, 43 Container Port Road, Kwai Chung, Hong Kong | J70: MCX10 | K70: 1 - Major | L70: =IF(OR(Tableau1[[#This Row],[Type of DC]]="1 - Major",Tableau1[[#This Row],[Type of DC]]="2 - Opportunistic",Tableau1[[#This Row],[Type of DC]]="6 - Catalog"),"OUI","NON") -> OUI | M70: Raymond CHEE | N70: 22.3520422 | O70: 114.1237137 | P70: https://plazza.orange.com/docs/DOC-2345841
A71: =UPPER(_xlfn.CONCAT(LEFT(Tableau1[[#This Row],[Supplier]],2),LEFT(Tableau1[[#This Row],[City Area]],2),LEFT(Tableau1[[#This Row],[Datacenter name (supplier code)]],4),LEFT(Tableau1[[#This Row],[Country]],2),RIGHT(Tableau1[[#This Row],[Datacenter name (supplier code)]],2))) -> NTBENTT GEIN | B71: EMEA | C71: EMEA | D71: Germany | E71: Berlin | F71: Berlin | G71: NTT eshelter | H71: not found on GINI | I71: Nonnendammallee 15, 13599 Berlin, Germany | J71: NTT eshelter Berlin | K71: 4 - Frozen | L71: =IF(OR(Tableau1[[#This Row],[Type of DC]]="1 - Major",Tableau1[[#This Row],[Type of DC]]="2 - Opportunistic",Tableau1[[#This Row],[Type of DC]]="6 - Catalog"),"OUI","NON") -> NON | M71: Alex TASSOT | N71: 52.53842 | O71: 13.237313
A72: =UPPER(_xlfn.CONCAT(LEFT(Tableau1[[#This Row],[Supplier]],2),LEFT(Tableau1[[#This Row],[City Area]],2),LEFT(Tableau1[[#This Row],[Datacenter name (supplier code)]],4),LEFT(Tableau1[[#This Row],[Country]],2),RIGHT(Tableau1[[#This Row],[Datacenter name (supplier code)]],2))) -> NTMUVIKHINC2 | B72: APAC | C72: APAC | D72: India | E72: Mumbai | F72: Mumbai | G72: NTT Netmagic | H72: BOMC11 | I72: NTT Netmagic Vikhroli DC2 Data Centre, Ground, First & Second Floor, Mehra Industrial Estate, LBS Marg, Vikhroli (W) Mumbai, Maharashtra - 400079, INDIA | J72: Vikhroli DC2 | K72: 4 - Frozen | L72: =IF(OR(Tableau1[[#This Row],[Type of DC]]="1 - Major",Tableau1[[#This Row],[Type of DC]]="2 - Opportunistic",Tableau1[[#This Row],[Type of DC]]="6 - Catalog"),"OUI","NON") -> NON | M72: John YIP | N72: 19.1284505 | O72: 72.9252451
A73: =UPPER(_xlfn.CONCAT(LEFT(Tableau1[[#This Row],[Supplier]],2),LEFT(Tableau1[[#This Row],[City Area]],2),LEFT(Tableau1[[#This Row],[Datacenter name (supplier code)]],4),LEFT(Tableau1[[#This Row],[Country]],2),RIGHT(Tableau1[[#This Row],[Datacenter name (supplier code)]],2))) -> NTMUVIKHINC4 | B73: APAC | C73: APAC | D73: India | E73: Mumbai | F73: Mumbai | G73: NTT Netmagic | H73: not found on GINI | I73: NTT Netmagic Vikhroli DC4 Data Centre, Ground & Mezzanine Floor, Universal Knitting Mills Pvt. Limited Building, Mehra Estate, LBS marg, Vikhroli (W) Mumbai, Maharashtra - 400079, INDIA | J73: Vikhroli DC4 | K73: 4 - Frozen | L73: =IF(OR(Tableau1[[#This Row],[Type of DC]]="1 - Major",Tableau1[[#This Row],[Type of DC]]="2 - Opportunistic",Tableau1[[#This Row],[Type of DC]]="6 - Catalog"),"OUI","NON") -> NON | M73: John YIP | N73: 19.1284505 | O73: 72.9252451
A74: =UPPER(_xlfn.CONCAT(LEFT(Tableau1[[#This Row],[Supplier]],2),LEFT(Tableau1[[#This Row],[City Area]],2),LEFT(Tableau1[[#This Row],[Datacenter name (supplier code)]],4),LEFT(Tableau1[[#This Row],[Country]],2),RIGHT(Tableau1[[#This Row],[Datacenter name (supplier code)]],2))) -> STBASTT INCL | B74: APAC | C74: APAC | D74: India | E74: Bangalore | F74: Bangalore | G74: STT TCL | H74: BLRT07 | I74: STT - Bengaluru DC2 Data Centre, #18, 19 & 20, EPIP Layout, KIADB, Whitefield, Bangalore, 560066, India | J74: STT TCL | K74: 4 - Frozen | L74: =IF(OR(Tableau1[[#This Row],[Type of DC]]="1 - Major",Tableau1[[#This Row],[Type of DC]]="2 - Opportunistic",Tableau1[[#This Row],[Type of DC]]="6 - Catalog"),"OUI","NON") -> NON | M74: John YIP | N74: 12.9812299 | O74: 77.72564349999999
A75: =UPPER(_xlfn.CONCAT(LEFT(Tableau1[[#This Row],[Supplier]],2),LEFT(Tableau1[[#This Row],[City Area]],2),LEFT(Tableau1[[#This Row],[Datacenter name (supplier code)]],4),LEFT(Tableau1[[#This Row],[Country]],2),RIGHT(Tableau1[[#This Row],[Datacenter name (supplier code)]],2))) -> EQTSHK3CHK3 | B75: APAC | C75: APAC | D75: China | E75: Hong Kong | F75: Tsuen Wan | G75: Equinix | H75: not found on GINI | I75: Equinix HK3 Data Centre, 6/F, 1 Wang Wo Tsai Street, Tsuen Wan, N.T., Hong Kong | J75: HK3 | K75: 2 - Opportunistic | L75: =IF(OR(Tableau1[[#This Row],[Type of DC]]="1 - Major",Tableau1[[#This Row],[Type of DC]]="2 - Opportunistic",Tableau1[[#This Row],[Type of DC]]="6 - Catalog"),"OUI","NON") -> OUI | M75: Raymond CHEE | N75: 22.3677909 | O75: 114.1186098 | P75: https://plazza.orange.com/docs/DOC-2345841
A76: =UPPER(_xlfn.CONCAT(LEFT(Tableau1[[#This Row],[Supplier]],2),LEFT(Tableau1[[#This Row],[City Area]],2),LEFT(Tableau1[[#This Row],[Datacenter name (supplier code)]],4),LEFT(Tableau1[[#This Row],[Country]],2),RIGHT(Tableau1[[#This Row],[Datacenter name (supplier code)]],2))) -> STDESTT INCL | B76: APAC | C76: APAC | D76: India | E76: Delhi | F76: Delhi | G76: STT TCL | H76: DELT07 | I76: IDC Building, Opp. Savitri Cinema Flyover, Greater Kailash - 1, | J76: STT TCL | K76: 4 - Frozen | L76: =IF(OR(Tableau1[[#This Row],[Type of DC]]="1 - Major",Tableau1[[#This Row],[Type of DC]]="2 - Opportunistic",Tableau1[[#This Row],[Type of DC]]="6 - Catalog"),"OUI","NON") -> NON | M76: John YIP | N76: 28.5415141 | O76: 77.240201
A77: =UPPER(_xlfn.CONCAT(LEFT(Tableau1[[#This Row],[Supplier]],2),LEFT(Tableau1[[#This Row],[City Area]],2),LEFT(Tableau1[[#This Row],[Datacenter name (supplier code)]],4),LEFT(Tableau1[[#This Row],[Country]],2),RIGHT(Tableau1[[#This Row],[Datacenter name (supplier code)]],2))) -> STMUSTT INCL | B77: APAC | C77: APAC | D77: India | E77: Mumbai | F77: Mumbai | G77: STT TCL | H77: BOMT08 | I77: Plot C-21 & C-36, G Block, Bandra Kulrla Complex, Vidyanagari Post office, Mumbai 400098, India | J77: STT TCL | K77: 4 - Frozen | L77: =IF(OR(Tableau1[[#This Row],[Type of DC]]="1 - Major",Tableau1[[#This Row],[Type of DC]]="2 - Opportunistic",Tableau1[[#This Row],[Type of DC]]="6 - Catalog"),"OUI","NON") -> NON | M77: John YIP | N77: 19.0636283 | O77: 72.8617897
A78: =UPPER(_xlfn.CONCAT(LEFT(Tableau1[[#This Row],[Supplier]],2),LEFT(Tableau1[[#This Row],[City Area]],2),LEFT(Tableau1[[#This Row],[Datacenter name (supplier code)]],4),LEFT(Tableau1[[#This Row],[Country]],2),RIGHT(Tableau1[[#This Row],[Datacenter name (supplier code)]],2))) -> EQTSHK2CHK2 | B78: APAC | C78: APAC | D78: China | E78: Hong Kong | F78: Tsuen Wan | G78: Equinix | H78: HKGD06 | I78: Equinix HK2 Data Centre, 17/F Kerry Warehouse, 3 Shing Yiu Street, Tsuen Wan, N.T.,Hong Kong | J78: HK2 | K78: 1 - Major | L78: =IF(OR(Tableau1[[#This Row],[Type of DC]]="1 - Major",Tableau1[[#This Row],[Type of DC]]="2 - Opportunistic",Tableau1[[#This Row],[Type of DC]]="6 - Catalog"),"OUI","NON") -> OUI | M78: Raymond CHEE | N78: 22.3622845 | O78: 114.1192183 | P78: https://plazza.orange.com/docs/DOC-2345841
A79: =UPPER(_xlfn.CONCAT(LEFT(Tableau1[[#This Row],[Supplier]],2),LEFT(Tableau1[[#This Row],[City Area]],2),LEFT(Tableau1[[#This Row],[Datacenter name (supplier code)]],4),LEFT(Tableau1[[#This Row],[Country]],2),RIGHT(Tableau1[[#This Row],[Datacenter name (supplier code)]],2))) -> ORWAHKGTCH01 | B79: APAC | C79: APAC | D79: China | E79: Hong Kong | F79: Wanchai | G79: Orange | H79: HKGF02 | I79: 11/F, Telecom House, 3 Gloucester Road, Wanchai, Hong Kong | J79: HKGT01 | K79: 2 - Opportunistic | L79: =IF(OR(Tableau1[[#This Row],[Type of DC]]="1 - Major",Tableau1[[#This Row],[Type of DC]]="2 - Opportunistic",Tableau1[[#This Row],[Type of DC]]="6 - Catalog"),"OUI","NON") -> OUI | M79: Raymond CHEE | N79: 22.2799065 | O79: 114.170967 | P79: https://plazza.orange.com/docs/DOC-2345841
B80: APAC | C80: APAC | D80: China | E80: Hong Kong | F80: Kwai Chung | G80: Digital Realty | H80: not found on GINI | I80: No. 11 Kin Chuen Street, Kwai Chung, New Territories, Hong Kong | K80: 2 - Opportunistic | L80: =IF(OR(Tableau1[[#This Row],[Type of DC]]="1 - Major",Tableau1[[#This Row],[Type of DC]]="2 - Opportunistic",Tableau1[[#This Row],[Type of DC]]="6 - Catalog"),"OUI","NON") -> OUI | M80: Raymond CHEE | N80: 22.370157° N | O80: 114.123489° E
A81: =UPPER(_xlfn.CONCAT(LEFT(Tableau1[[#This Row],[Supplier]],2),LEFT(Tableau1[[#This Row],[City Area]],2),LEFT(Tableau1[[#This Row],[Datacenter name (supplier code)]],4),LEFT(Tableau1[[#This Row],[Country]],2),RIGHT(Tableau1[[#This Row],[Datacenter name (supplier code)]],2))) -> EQSHSH2CHH2 | B81: APAC | C81: APAC | D81: China | E81: Shanghai | F81: Shanghai | G81: Equinix | H81: not found on GINI | I81: Equinix SH2, Building No. 4, 700 Jinyu Road, Pudong New Area, Shanghai 201206 | J81: SH2 | K81: 2 - Opportunistic | L81: =IF(OR(Tableau1[[#This Row],[Type of DC]]="1 - Major",Tableau1[[#This Row],[Type of DC]]="2 - Opportunistic",Tableau1[[#This Row],[Type of DC]]="6 - Catalog"),"OUI","NON") -> OUI | M81: Raymond CHEE | N81: 31.24734 | O81: 121.62048 | P81: https://plazza.orange.com/docs/DOC-2345841
A82: =UPPER(_xlfn.CONCAT(LEFT(Tableau1[[#This Row],[Supplier]],2),LEFT(Tableau1[[#This Row],[City Area]],2),LEFT(Tableau1[[#This Row],[Datacenter name (supplier code)]],4),LEFT(Tableau1[[#This Row],[Country]],2),RIGHT(Tableau1[[#This Row],[Datacenter name (supplier code)]],2))) -> EQSHSH3CHH3 | B82: APAC | C82: APAC | D82: China | E82: Shanghai | F82: Shanghai | G82: Equinix | H82: SHAH01 | I82: Equinix SH3 Data Centre, Building No. 3, 700 Jinyu Road, Pudong New Area, Shanghai 201206 | J82: SH3 | K82: 2 - Opportunistic | L82: =IF(OR(Tableau1[[#This Row],[Type of DC]]="1 - Major",Tableau1[[#This Row],[Type of DC]]="2 - Opportunistic",Tableau1[[#This Row],[Type of DC]]="6 - Catalog"),"OUI","NON") -> OUI | M82: Raymond CHEE | N82: 31.24734 | O82: 121.62048 | P82: https://plazza.orange.com/docs/DOC-2345841
A83: =UPPER(_xlfn.CONCAT(LEFT(Tableau1[[#This Row],[Supplier]],2),LEFT(Tableau1[[#This Row],[City Area]],2),LEFT(Tableau1[[#This Row],[Datacenter name (supplier code)]],4),LEFT(Tableau1[[#This Row],[Country]],2),RIGHT(Tableau1[[#This Row],[Datacenter name (supplier code)]],2))) -> EQSHSH5CHH5 | B83: APAC | C83: APAC | D83: China | E83: Shanghai | F83: Shanghai | G83: Equinix | H83: SHAH02 | I83: New Address: 976 Shunping Road, Shanghai , 上海市顺平路976号 | J83: SH5 | K83: 2 - Opportunistic | L83: =IF(OR(Tableau1[[#This Row],[Type of DC]]="1 - Major",Tableau1[[#This Row],[Type of DC]]="2 - Opportunistic",Tableau1[[#This Row],[Type of DC]]="6 - Catalog"),"OUI","NON") -> OUI | M83: Raymond CHEE | N83: 31.27941 | O83: 121.54721 | P83: https://plazza.orange.com/docs/DOC-2345841
A84: =UPPER(_xlfn.CONCAT(LEFT(Tableau1[[#This Row],[Supplier]],2),LEFT(Tableau1[[#This Row],[City Area]],2),LEFT(Tableau1[[#This Row],[Datacenter name (supplier code)]],4),LEFT(Tableau1[[#This Row],[Country]],2),RIGHT(Tableau1[[#This Row],[Datacenter name (supplier code)]],2))) -> SHSHIDX CHH3 | B84: APAC | C84: APAC | D84: China | E84: Shanghai | F84: Shanghai | G84: Shanghai Data Solution | H84: not found on GINI | I84: Shanghai Data Solution Co.,Ltd, 3F,No.23 Building 498 Guoshoujing Rd. Shanghai Pudong Software Park, Zhangjiang High Technology Park Pu Dong P.R.China, 上海市浦东郭守敬路498号23号楼3楼 吴鸿豪 13310105096 | J84: IDX SH3 | K84: 2 - Opportunistic | L84: =IF(OR(Tableau1[[#This Row],[Type of DC]]="1 - Major",Tableau1[[#This Row],[Type of DC]]="2 - Opportunistic",Tableau1[[#This Row],[Type of DC]]="6 - Catalog"),"OUI","NON") -> OUI | M84: Raymond CHEE | N84: 31.20183 | O84: 121.587671 | P84: https://plazza.orange.com/docs/DOC-2345841
A85: =UPPER(_xlfn.CONCAT(LEFT(Tableau1[[#This Row],[Supplier]],2),LEFT(Tableau1[[#This Row],[City Area]],2),LEFT(Tableau1[[#This Row],[Datacenter name (supplier code)]],4),LEFT(Tableau1[[#This Row],[Country]],2),RIGHT(Tableau1[[#This Row],[Datacenter name (supplier code)]],2))) -> NTBABENGINC2 | B85: APAC | C85: APAC | D85: India | E85: Bangalore | F85: Bangalore | G85: NTT Netmagic | H85: not found on GINI | I85: NTT Netmagic Bengaluru Electronic City DC2 Data Centre, 88/A, S V R Platinum, Adjacent to K S S I D Complex, Electronic City, Phase I Bangalore, Karnataka - 560100, INDIA | J85: Bengaluru DC2 | K85: 2 - Opportunistic | L85: =IF(OR(Tableau1[[#This Row],[Type of DC]]="1 - Major",Tableau1[[#This Row],[Type of DC]]="2 - Opportunistic",Tableau1[[#This Row],[Type of DC]]="6 - Catalog"),"OUI","NON") -> OUI | M85: John YIP | N85: 12.8395548 | O85: 77.6622838 | P85: https://plazza.orange.com/docs/DOC-857750
A86: =UPPER(_xlfn.CONCAT(LEFT(Tableau1[[#This Row],[Supplier]],2),LEFT(Tableau1[[#This Row],[City Area]],2),LEFT(Tableau1[[#This Row],[Datacenter name (supplier code)]],4),LEFT(Tableau1[[#This Row],[Country]],2),RIGHT(Tableau1[[#This Row],[Datacenter name (supplier code)]],2))) -> LGSESANGKOER | B86: APAC | C86: APAC | D86: Korea | E86: Seoul | F86: Seoul | G86: LG CNS | H86: SELT02 | I86: LG CNS Sangam IT Center, 4th floor 424 World cup buk-ro Mapo-gu, | J86: Sangam IT Center | K86: 3 - Opportunistic not to promote | L86: =IF(OR(Tableau1[[#This Row],[Type of DC]]="1 - Major",Tableau1[[#This Row],[Type of DC]]="2 - Opportunistic",Tableau1[[#This Row],[Type of DC]]="6 - Catalog"),"OUI","NON") -> NON | M86: John YIP | N86: 37.5811412 | O86: 126.8868857
A87: =UPPER(_xlfn.CONCAT(LEFT(Tableau1[[#This Row],[Supplier]],2),LEFT(Tableau1[[#This Row],[City Area]],2),LEFT(Tableau1[[#This Row],[Datacenter name (supplier code)]],4),LEFT(Tableau1[[#This Row],[Country]],2),RIGHT(Tableau1[[#This Row],[Datacenter name (supplier code)]],2))) -> ORRAORANMAEL | B87: EMEA | C87: EMEA | D87: Maroc | E87: Rabat | F87: Rabat | G87: Orange Meditel | H87: RBAT02 | I87: sis Lotissement Vita Nr. 7 Route de Casa Km 3.5 Yacoub Elmansour, Rabat Maroc | J87: Orange Meditel | K87: 3 - Opportunistic not to promote | L87: =IF(OR(Tableau1[[#This Row],[Type of DC]]="1 - Major",Tableau1[[#This Row],[Type of DC]]="2 - Opportunistic",Tableau1[[#This Row],[Type of DC]]="6 - Catalog"),"OUI","NON") -> NON | M87: Mohamed SAMIR | N87: 33.98338330000001 | O87: -6.8873077
A88: =UPPER(_xlfn.CONCAT(LEFT(Tableau1[[#This Row],[Supplier]],2),LEFT(Tableau1[[#This Row],[City Area]],2),LEFT(Tableau1[[#This Row],[Datacenter name (supplier code)]],4),LEFT(Tableau1[[#This Row],[Country]],2),RIGHT(Tableau1[[#This Row],[Datacenter name (supplier code)]],2))) -> NTOSNTT JAKA | B88: APAC | C88: APAC | D88: Japan | E88: Osaka | F88: Osaka | G88: NTT | H88: OSAT04 | I88: Dojima No.1 DC, 3-1-59 Dojima Kita-Ku, Osaka-shi, Osaka, Japan | J88: NTT Osaka | K88: 2 - Opportunistic | L88: =IF(OR(Tableau1[[#This Row],[Type of DC]]="1 - Major",Tableau1[[#This Row],[Type of DC]]="2 - Opportunistic",Tableau1[[#This Row],[Type of DC]]="6 - Catalog"),"OUI","NON") -> OUI | M88: John YIP | N88: 34.6968245 | O88: 135.491489 | P88: https://plazza.orange.com/docs/DOC-2345843
A89: =UPPER(_xlfn.CONCAT(LEFT(Tableau1[[#This Row],[Supplier]],2),LEFT(Tableau1[[#This Row],[City Area]],2),LEFT(Tableau1[[#This Row],[Datacenter name (supplier code)]],4),LEFT(Tableau1[[#This Row],[Country]],2),RIGHT(Tableau1[[#This Row],[Datacenter name (supplier code)]],2))) -> REMERED-MEIO | B89: AME | C89: LAM | D89: Mexico | E89: Mexico | F89: Mexico | G89: red-IT KIO | H89: not found on GINI | I89: RED-IT 20 Boulevard Benito Juarez, corner Avenida Lopez Portillo, Neighborhood San Mateo Cuautepec, Tultitlan, State of México, 54948 | J89: red-IT KIO | K89: 3 - Opportunistic not to promote | L89: =IF(OR(Tableau1[[#This Row],[Type of DC]]="1 - Major",Tableau1[[#This Row],[Type of DC]]="2 - Opportunistic",Tableau1[[#This Row],[Type of DC]]="6 - Catalog"),"OUI","NON") -> NON | M89: Arnaud GIRAUD | N89: 19.6281869 | O89: -99.1521738
A90: =UPPER(_xlfn.CONCAT(LEFT(Tableau1[[#This Row],[Supplier]],2),LEFT(Tableau1[[#This Row],[City Area]],2),LEFT(Tableau1[[#This Row],[Datacenter name (supplier code)]],4),LEFT(Tableau1[[#This Row],[Country]],2),RIGHT(Tableau1[[#This Row],[Datacenter name (supplier code)]],2))) -> EQOSOS1JAS1 | B90: APAC | C90: APAC | D90: Japan | E90: Osaka | F90: Osaka | G90: Equinix | H90: not found on GINI | I90: Equinix OS1, 1-26-1, Shinmachi, Nishi-ku, Nishi Shinsaibashi Building, Osaka, 550 0013 Japan | J90: OS1 | K90: 2 - Opportunistic | L90: =IF(OR(Tableau1[[#This Row],[Type of DC]]="1 - Major",Tableau1[[#This Row],[Type of DC]]="2 - Opportunistic",Tableau1[[#This Row],[Type of DC]]="6 - Catalog"),"OUI","NON") -> OUI | M90: John YIP | N90: 34.6757084 | O90: 135.4955913 | P90: https://plazza.orange.com/docs/DOC-2345843
A91: =UPPER(_xlfn.CONCAT(LEFT(Tableau1[[#This Row],[Supplier]],2),LEFT(Tableau1[[#This Row],[City Area]],2),LEFT(Tableau1[[#This Row],[Datacenter name (supplier code)]],4),LEFT(Tableau1[[#This Row],[Country]],2),RIGHT(Tableau1[[#This Row],[Datacenter name (supplier code)]],2))) -> EQTOTY6JAY6 | B91: APAC | C91: APAC | D91: Japan | E91: Tokyo | F91: Tokyo | G91: Equinix | H91: not found on GINI | I91: Equinix TY6, 2-2-43, Higashi-Shinagawa,, Shinagawa-ku, Tokyo, 140 0002 Japan | J91: TY6 | K91: 2 - Opportunistic | L91: =IF(OR(Tableau1[[#This Row],[Type of DC]]="1 - Major",Tableau1[[#This Row],[Type of DC]]="2 - Opportunistic",Tableau1[[#This Row],[Type of DC]]="6 - Catalog"),"OUI","NON") -> OUI | M91: John YIP | N91: 35.6230297 | O91: 139.748141 | P91: https://plazza.orange.com/docs/DOC-2345843
A92: =UPPER(_xlfn.CONCAT(LEFT(Tableau1[[#This Row],[Supplier]],2),LEFT(Tableau1[[#This Row],[City Area]],2),LEFT(Tableau1[[#This Row],[Datacenter name (supplier code)]],4),LEFT(Tableau1[[#This Row],[Country]],2),RIGHT(Tableau1[[#This Row],[Datacenter name (supplier code)]],2))) -> EQTOTY9JAY9 | B92: APAC | C92: APAC | D92: Japan | E92: Tokyo | F92: Tokyo | G92: Equinix | H92: not found on GINI | I92: Equinix TY9 Data Centre, 1-12-3, Suidou, Bunkyo-ku, Tokyo, 112 0005 Japan | J92: TY9 | K92: 2 - Opportunistic | L92: =IF(OR(Tableau1[[#This Row],[Type of DC]]="1 - Major",Tableau1[[#This Row],[Type of DC]]="2 - Opportunistic",Tableau1[[#This Row],[Type of DC]]="6 - Catalog"),"OUI","NON") -> OUI | M92: John YIP | N92: 35.70871 | O92: 139.743887 | P92: https://plazza.orange.com/docs/DOC-2345843
A93: =UPPER(_xlfn.CONCAT(LEFT(Tableau1[[#This Row],[Supplier]],2),LEFT(Tableau1[[#This Row],[City Area]],2),LEFT(Tableau1[[#This Row],[Datacenter name (supplier code)]],4),LEFT(Tableau1[[#This Row],[Country]],2),RIGHT(Tableau1[[#This Row],[Datacenter name (supplier code)]],2))) -> EQTOTY8JAY8 | B93: APAC | C93: APAC | D93: Japan | E93: Tokyo | F93: Tokyo | G93: Equinix | H93: TYOC22 | I93: Equinix TY8 Data Centre, 2-1-7, Higashi-Shinagawa, Shinagawa-ku, Tokyo, 140 0002, Japan | J93: TY8 | K93: 2 - Opportunistic | L93: =IF(OR(Tableau1[[#This Row],[Type of DC]]="1 - Major",Tableau1[[#This Row],[Type of DC]]="2 - Opportunistic",Tableau1[[#This Row],[Type of DC]]="6 - Catalog"),"OUI","NON") -> OUI | M93: John YIP | N93: 35.622121 | O93: 139.7479207 | P93: https://plazza.orange.com/docs/DOC-2345843
A94: =UPPER(_xlfn.CONCAT(LEFT(Tableau1[[#This Row],[Supplier]],2),LEFT(Tableau1[[#This Row],[City Area]],2),LEFT(Tableau1[[#This Row],[Datacenter name (supplier code)]],4),LEFT(Tableau1[[#This Row],[Country]],2),RIGHT(Tableau1[[#This Row],[Datacenter name (supplier code)]],2))) -> NTTOTK5,JADC | B94: APAC | C94: APAC | D94: Japan | E94: Tokyo | F94: Tokyo | G94: NTT | H94: TYOF06 | I94: NTT Tokyo No.5 DC, 3-15-2 Bunkyo-ku,Yushima,Tokyo 113-0034, Japan | J94: TK5, Tokyo No.5 DC | K94: 2 - Opportunistic | L94: =IF(OR(Tableau1[[#This Row],[Type of DC]]="1 - Major",Tableau1[[#This Row],[Type of DC]]="2 - Opportunistic",Tableau1[[#This Row],[Type of DC]]="6 - Catalog"),"OUI","NON") -> OUI | M94: John YIP | N94: 35.7050186 | O94: 139.7690773 | P94: https://plazza.orange.com/docs/DOC-2345843
A95: =UPPER(_xlfn.CONCAT(LEFT(Tableau1[[#This Row],[Supplier]],2),LEFT(Tableau1[[#This Row],[City Area]],2),LEFT(Tableau1[[#This Row],[Datacenter name (supplier code)]],4),LEFT(Tableau1[[#This Row],[Country]],2),RIGHT(Tableau1[[#This Row],[Datacenter name (supplier code)]],2))) -> EQPISG2SIG2 | B95: APAC | C95: APAC | D95: Singapore | E95: Singapore | F95: Pioneer Walk | G95: Equinix | H95: SIND02 | I95: Equinix SG2 Datat Centre, 15 Pioneer Walk, Singapore 627753 | J95: SG2 | K95: 1 - Major | L95: =IF(OR(Tableau1[[#This Row],[Type of DC]]="1 - Major",Tableau1[[#This Row],[Type of DC]]="2 - Opportunistic",Tableau1[[#This Row],[Type of DC]]="6 - Catalog"),"OUI","NON") -> OUI | M95: John YIP | N95: 1.3213551 | O95: 103.6959206 | P95: https://plazza.orange.com/docs/DOC-1076994
A96: =UPPER(_xlfn.CONCAT(LEFT(Tableau1[[#This Row],[Supplier]],2),LEFT(Tableau1[[#This Row],[City Area]],2),LEFT(Tableau1[[#This Row],[Datacenter name (supplier code)]],4),LEFT(Tableau1[[#This Row],[Country]],2),RIGHT(Tableau1[[#This Row],[Datacenter name (supplier code)]],2))) -> EQAYSG3SIG3 | B96: APAC | C96: APAC | D96: Singapore | E96: Singapore | F96: Ayer Rajah Crescent | G96: Equinix | H96: SIND03 | I96: Equinix SG3 Data Centre, 26A Ayer Rajah Crescent, 139963, Singapore | J96: SG3 | K96: 1 - Major | L96: =IF(OR(Tableau1[[#This Row],[Type of DC]]="1 - Major",Tableau1[[#This Row],[Type of DC]]="2 - Opportunistic",Tableau1[[#This Row],[Type of DC]]="6 - Catalog"),"OUI","NON") -> OUI | M96: John YIP | N96: 1.2959615 | O96: 103.7908077 | P96: https://plazza.orange.com/docs/DOC-1076994
A97: =UPPER(_xlfn.CONCAT(LEFT(Tableau1[[#This Row],[Supplier]],2),LEFT(Tableau1[[#This Row],[City Area]],2),LEFT(Tableau1[[#This Row],[Datacenter name (supplier code)]],4),LEFT(Tableau1[[#This Row],[Country]],2),RIGHT(Tableau1[[#This Row],[Datacenter name (supplier code)]],2))) -> INAMAMS2NES2 | B97: EMEA | C97: EMEA | D97: Netherlands | E97: Amsterdam | F97: Amsterdam | G97: Interxion | H97: not found on GINI | I97: Digital Realty, Gyroscoopweg 58-60, 1042 Amsterdam, The Netherlands | J97: AMS2 | K97: 3 - Opportunistic not to promote | L97: =IF(OR(Tableau1[[#This Row],[Type of DC]]="1 - Major",Tableau1[[#This Row],[Type of DC]]="2 - Opportunistic",Tableau1[[#This Row],[Type of DC]]="6 - Catalog"),"OUI","NON") -> NON | M97: Mohamed SAMIR | N97: 52.39983700000001 | O97: 4.8423269
A98: =UPPER(_xlfn.CONCAT(LEFT(Tableau1[[#This Row],[Supplier]],2),LEFT(Tableau1[[#This Row],[City Area]],2),LEFT(Tableau1[[#This Row],[Datacenter name (supplier code)]],4),LEFT(Tableau1[[#This Row],[Country]],2),RIGHT(Tableau1[[#This Row],[Datacenter name (supplier code)]],2))) -> INAMAMS5NES5 | B98: EMEA | C98: EMEA | D98: Netherlands | E98: Amsterdam | F98: Amsterdam | G98: Interxion | H98: not found on GINI | I98: Digital Realty, Luttenbergweg 4, 1101 EC Amsterdam, Netherlands | J98: AMS5 | K98: 4 - Frozen | L98: =IF(OR(Tableau1[[#This Row],[Type of DC]]="1 - Major",Tableau1[[#This Row],[Type of DC]]="2 - Opportunistic",Tableau1[[#This Row],[Type of DC]]="6 - Catalog"),"OUI","NON") -> NON | M98: Michael Storrøsten | N98: 52.2999285 | O98: 4.9431207
A99: =UPPER(_xlfn.CONCAT(LEFT(Tableau1[[#This Row],[Supplier]],2),LEFT(Tableau1[[#This Row],[City Area]],2),LEFT(Tableau1[[#This Row],[Datacenter name (supplier code)]],4),LEFT(Tableau1[[#This Row],[Country]],2),RIGHT(Tableau1[[#This Row],[Datacenter name (supplier code)]],2))) -> NTAMAMS1NES1 | B99: EMEA | C99: EMEA | D99: Netherlands | E99: Amsterdam | F99: Amsterdam | G99: NTT | H99: not found on GINI | I99: NTT AMS1 e-shelter Amsterdam 1 Data Center, Aviolanda 1, 1437 ED Rozenburg, Pays-Bas | J99: AMS1 | K99: 5 - Closed | L99: =IF(OR(Tableau1[[#This Row],[Type of DC]]="1 - Major",Tableau1[[#This Row],[Type of DC]]="2 - Opportunistic",Tableau1[[#This Row],[Type of DC]]="6 - Catalog"),"OUI","NON") -> NON | M99: Mohamed SAMIR | N99: 52.2838625 | O99: 4.7449956
A100: =UPPER(_xlfn.CONCAT(LEFT(Tableau1[[#This Row],[Supplier]],2),LEFT(Tableau1[[#This Row],[City Area]],2),LEFT(Tableau1[[#This Row],[Datacenter name (supplier code)]],4),LEFT(Tableau1[[#This Row],[Country]],2),RIGHT(Tableau1[[#This Row],[Datacenter name (supplier code)]],2))) -> COLOLA2UNA2 | B100: AME | C100: NAM | D100: United States | E100: California | F100: Los Angeles | G100: CoreSite | H100: LAXL02 | I100: 900 North Alameda Street, 90012, Los Angeles | J100: LA2 | K100: 5 - Closed | L100: =IF(OR(Tableau1[[#This Row],[Type of DC]]="1 - Major",Tableau1[[#This Row],[Type of DC]]="2 - Opportunistic",Tableau1[[#This Row],[Type of DC]]="6 - Catalog"),"OUI","NON") -> NON | M100: Mark OLSZEWSKI | N100: 34.0581105 | O100: -118.2353984
...

Sheet Sheet1
A2: 1 - Major
A3: 2 - Opportunistic
A4: 3 - Opportunistic not to promote
A5: 4 - Frozen
A6: 5 - Closed

Sheet Liste source - OLD
A1: Region | B1: Country | C1: Cluster City | D1: City Area | E1: Supplier | F1: Site Code Orange | G1: Address | H1: Datacenter name (supplier code) | I1: Type of DC | J1: Classification Comment | K1: Existing DRP / Comment | L1: Facilities Site Owned by | M1: OCB contact ( supplier management, finances and capacity planning) | N1: DIF/FOIS contact (site manager) | O1: Proximity service contacts | P1: UHP / Comments | Q1: 24x7 Access security | R1: Customer top 18 | S1: m2 | T1: Audits & Certifications (to be requested via DC Plazza or Burgundy - see certification sheet) | U1: Infrastructure Datacenter Class | V1: Closed Orange Connectivity (km) | W1: OBS footprint | X1: Local Vendor/Supplier for cabling (IMPLE responsibility) | Y1: Local sourcing contact
A2: EMEA | B2: France | C2: Paris | D2: Nanterre | E2: Orange France | F2: PARH02 | G2: 24, boulevard Jules Mansard 92000 NANTERRE. | H2: Nanterre - DIF | I2: 5 - Closed | J2: Closure December 2016 | K2: No | L2: DIF | M2: Olivier Coroller Office +33 2 23 06 44 62 Mobile +33 6 71 92 65 97 olivier.coroller@orange.com | N2: PERES Frédéric DTSI/DIF +33 1 58 94 70 40 +33 6 74 41 88 66 | O2: Thierry Le Dorven resp. Conduite d'activité +33 1 55 22 12 22 | P2: Yes Link | Q2: contact:0 810 810 865 nanterre.dosidc@orange.com | R2: Carrefour TEREOS RIO TINTO LTD Equant IT&S | S2: 1500 | T2: - | U2: TIER III | V2: 0
A3: EMEA | B3: France | C3: Rennes | D3: Cesson Sevigne | E3: Orange France | F3: RNSH01 | G3: Equant, 9 rue du chene Germain, Cesson Sevigne 35512 | H3: Cesson - DIF | I3: 4 - Frozen | J3: Closure 2020 | K3: Yes Rueil (GDF) Oak-Hill (SGS) | L3: DIF | M3: Olivier Coroller Office +33 2 23 06 44 62 Mobile +33 6 71 92 65 97 olivier.coroller@orange.com | N3: PERES Frédéric DTSI/DIF +33 1 58 94 70 40 +33 6 74 41 88 66 | O3: Thierry Le Dorven resp. Conduite d'activité +33 1 55 22 12 22 | P3: Yes Link | Q3: reception: 02 23 28 66 92 rennes.dosidc@orange.com | R3: ENGIE OBS IT OCB PROD (clients externes) Eng Eq INFRA/OCB Eng Eq SECURITY Eng Eq MESSAGING Eng Eq CCS Eng Eq SUP Eng Eq Atlas | S3: 12 salles TIER III 2 797 m² (0.9 kW/m²) Greater than 99.99 % service availability | T3: ISAE 3402 - ISO 14001 | U3: TIER III | V3: 0
A4: EMEA | B4: France | C4: Paris | D4: Chevilly Larue | E4: Orange France | F4: PARH04 | G4: 72-74 av. De la Republique- 94550 Chevilly-Larue | H4: Chevilly - DIF | I4: 1 - Major | K4: Yes KDDI (LVMH) Rueil (multiple customers - synchronous mode available)) Normandie (ready) | L4: DIF | M4: Olivier Coroller Office +33 2 23 06 44 62 Mobile +33 6 71 92 65 97 olivier.coroller@orange.com | N4: PERES Frédéric DTSI/DIF +33 1 58 94 70 40 +33 6 74 41 88 66 | O4: Thierry Le Dorven resp. Conduite d'activité +33 1 55 22 12 22 | P4: Yes Link | Q4: security guard:01 45 60 95 99 chevilly.dosidc@orange.com 01 58 94 53 50 06 75 39 26 62 | R4: OAB ENGIE Flexible Exchange SI2M FCE LVMH Sagem-Communication SCOF AlloBizz TEREOS | S4: 3 rooms TIER III+ 1 550 m² (1kW /m²) Greater than 99.99 % service availability | T4: ISAE 3402 - ISO 14001 | U4: TIER III+ | V4: 0 | W4: 654
A5: EMEA | B5: France | C5: Paris | D5: Rueil-Malmaison | E5: Orange France | F5: QEVH01 | G5: 90 rue Pierre Brossolette 92500 Rueil Malmaison | H5: Rueil - DIF | I5: 1 - Major | K5: Yes Chevilly (multiple customers - synchronous mode available) Normandie (ready) | L5: DIF | M5: Olivier Coroller Office +33 2 23 06 44 62 Mobile +33 6 71 92 65 97 olivier.coroller@orange.com | N5: PERES Frédéric DTSI/DIF +33 1 58 94 70 40 +33 6 74 41 88 66 | O5: Thierry Le Dorven resp. Conduite d'activité +33 1 55 22 12 22 | P5: Yes Link | Q5: contact : 0 810 810 865 01 41 20 51 77 nanterre.dosidc@orange.com | R5: ENGIE SI2M Néoclès Cloudwatt TEREOS SCOF FCP V1 LVMH TMF Group Flexible Exchange | S5: 6 rooms TIER III+ 2 000 m² (1kW /m²) Greater than 99.99 % service availability | T5: ISAE 3402 - ISO 14001 | U5: TIER III+ | V5: 0 | W5: 650
A6: EMEA | B6: France | C6: Normandie | D6: Val de Reuil | E6: Orange France | F6: BVA07 | G6: Data Center Normandie 1 voie de l’orée (7 voie de l'Orée for equipment shipment) 27100 Val de Reuil. | H6: Normandie - DIF | I6: 1 - Major | K6: Yes Rueil (ready) Chevilly (ready) | L6: DIF | M6: Olivier Coroller Office +33 2 23 06 44 62 Mobile +33 6 71 92 65 97 olivier.coroller@orange.com | N6: PERES Frédéric DTSI/DIF +33 1 58 94 70 40 +33 6 74 41 88 66 | O6: Thierry Le Dorven resp. Conduite d'activité +33 1 55 22 12 22 | P6: Yes | Q6: contact:02 32 09 26 26 dei.dcn@orange.com Proximity Contact Nicolas Pagès : 0672079558 Contact logistic (equipment shipment) Xavier Cavelier : 0630444245 | R6: Cloudwatt OAB OBOS CGI Unified Defense TMF Group Spie Batignolles OINIS Diffusion Plus B2G3M | S6: >> 5,200 m2 of hosting out of a total surface area of 18,000 m2 >> 4 computer rooms, >> 6 POD OCB in each room >> 24 to 30 bays per POD >> Use of free cooling more than 80% of the time >> Greater than 99.995% service availability | T6: ISAE 3402 - ISO 14001 | U6: TIER IV | V6: 0 | W6: 462
A7: EMEA | B7: France | C7: Paris | D7: Neuilly | E7: Equant | F7: PART01 | G7: 112 Avenue Charles de Gaulle, 92522 Neuilly/Seine | H7: Equant PART01 | I7: 5 - Closed | J7: Closure 2018 DC 2016 | K7: No | L7: FOIS | M7: David Taieb Office : +33 1 40 91 36 39 Mobile : +33 6 81 87 76 63 david.taieb@orange.com | N7: Jean-Charles Basseguy +33-156763300 rso.france@orange.com +33-156763355 | O7: Jean-Charles Basseguy +33-156763300 rso.france@orange.com +33-156763355 | P7: Yes Link | Q7: BO Main desk/NBO security: +33146411004 | R7: CARREFOUR | S7: Size of the Building: N/A Size of the hosting area: 2236m² Capacity of the hosting area (# cabinets): 840 (roughly) Possible expansion: Y Size of expansion: 660m² | V7: 0 | W7: Unable to support requests for new business due to site closure and cost.
A8: EMEA | B8: France | C8: Paris | D8: Saint Denis | E8: Equinix | F8: XVP28 | G8: 114 rue ambroise Croizat 93200 Saint Denis | H8: Equinix PA3 | I8: 1 - Major | J8: Honey | L8: Equinix | M8: David Taieb Office : +33 1 40 91 36 39 Mobile : +33 6 81 87 76 63 david.taieb@orange.com | N8: David Taieb +33 1 40 91 36 39 +33 6 81 87 76 63 david.taieb@orange.com | P8: No | Q8: contact:01 84 88 34 96 Servicedesk.FR@eu.equinix.com | R8: HONEY GDF GFI | T8: ISAE 3402 - ISO 9001 ISO 27001 - PCI DSS | U8: TIER III | W8: 163
A9: EMEA | B9: France | C9: Paris | D9: Aubervilliers | E9: Equinix | F9: XVP38 | G9: 10 rue Waldeck Rochet Building 520 93300 Aubervilliers France | H9: Equinix PA6 | I9: 1 - Major | J9: Honey | L9: Equinix | M9: David Taieb Office : +33 1 40 91 36 39 Mobile : +33 6 81 87 76 63 david.taieb@orange.com | N9: David Taieb +33 1 40 91 36 39 +33 6 81 87 76 63 david.taieb@orange.com | P9: No | Q9: contact:01 84 88 34 96 Servicedesk.FR@eu.equinix.com | R9: HONEY | T9: ISAE 3402 - ISO 9001 ISO 27001 - PCI DSS | U9: TIER III | W9: 72
A10: EMEA | B10: France | C10: Paris | D10: Pantin | E10: Equinix | F10: XVP29 | G10: 110 Bis avenue du Général Leclerc 93500 Pantin | H10: Equinix PA4 | I10: 1 - Major | J10: Honey | L10: Equinix | M10: David Taieb Office : +33 1 40 91 36 39 Mobile : +33 6 81 87 76 63 david.taieb@orange.com | N10: David Taieb +33 1 40 91 36 39 +33 6 81 87 76 63 david.taieb@orange.com | P10: No | Q10: contact:01 84 88 34 96 Servicedesk.FR@eu.equinix.com | R10: HONEY GDF GFI | T10: ISAE 3402 - ISO 9001 ISO 27001 - PCI DSS | U10: TIER IV | W10: 188
A11: EMEA | B11: United Kingdom | C11: London | D11: London | E11: Equinix | F11: ITSH01/ITSH02 | G11: 8 Buckingham Avenue Slough Trading Estate – Slough Berkshire SL1 4AX | H11: Equinix LD5 | I11: 1 - Major | L11: Equinix | M11: David Taieb Office : +33 1 40 91 36 39 Mobile : +33 6 81 87 76 63 david.taieb@orange.com | N11: Dave Hogg Office - 44 2083214586 Mobile - 44-796-686-158 | O11: Dave Hogg Office - 44 2083214586 Mobile - 44-796-686-158 | P11: No | Q11: contact : +44 345 373 2999 ServiceDesk.UK@eu.equinix.com | R11: Simmons and Simmons, Ecobank, Cage OCB (BAT, Rio Tinto) | T11: ISAE 3402 - ISO 9001 ISO 27001 - PCI DSS ISAE 14001 - ISO 18001 ISO 5001 | U11: TIER III | W11: 12
A12: EMEA | B12: United Kingdom | C12: London | D12: Park Royal | E12: Equant | F12: LONX04/LONX05 | G12: Unit 2 - Ursula Lapp Ind Estate Park Royal Bay, Old Oak Lane London NW10 6UD | H12: Park Royal | I12: 1 - Major | J12: Full | K12: No | L12: FOIS | M12: David Taieb Office : +33 1 40 91 36 39 Mobile : +33 6 81 87 76 63 david.taieb@orange.com | N12: Dave Hogg Office - 44 2083214586 Mobile - 44-796-686-158 | O12: Dave Hogg Office - 44 2083214586 Mobile - 44-796-686-1580 | P12: Yes Link | Q12: contact : +44 208 607 4515 parkroyalsecurity@ssg-net.com | R12: BHP EQUANT IT&S Guoman Hotels Ltd | S12: Size of the Building: 2,000m2 Size of the hosting area: To be Confirmed Capacity of the hosting area (# cabinets): 374 | T12: ISAE 3402 | U12: TIER III | V12: 0 | W12: 36
A13: EMEA | B13: United Kingdom | C13: London | D13: Hounslow | E13: Equant | F13: LONH04/LONT04 | G13: 1st Floor Lampton House Lampton Road, Hounslow, TW3 4EY | H13: Equant Lampton House | I13: 3 - Opportunistic not to promote | J13: Full + Out dated | L13: FOIS | M13: David Taieb Office : +33 1 40 91 36 39 Mobile : +33 6 81 87 76 63 david.taieb@orange.com | N13: Dave Hogg Office - 44 2083214586 Mobile - 44-796-686-158 | O13: Dave Hogg Office - 44 2083214586 Mobile - 44-796-686-1581 | P13: Yes | Q13: Contact : +44 208 607 7626 lamptonhousesecurity@ssg-net.com | R13: EQUANT Ent IT | U13: TIER III
A14: EMEA | B14: Germany | C14: Frankfurt | D14: Frankfurt | E14: Equinix | F14: FRAT10 | G14: Equinix (IBX Services) GmbH, Lärchenstrasse 110, 65933 Frankfurt Griesheim Germany | H14: Equinix FR4 | I14: 1 - Major | J14: JCT services | K14: No | L14: Equinix | M14: David Taieb Office : +33 1 40 91 36 39 Mobile : +33 6 81 87 76 63 david.taieb@orange.com | N14: Thomas Kolbe Office : +49 6196962714 Mobile : +49 6196962123 thomas.kolbe@orange.com | O14: FOIS operational site GNMC-PAR /Supporting Site India SCC - WE Field Region / Field Engineer (FE) name: LEIB, Bernd Field Engineer (FE) contact number : +49 6196 96220/+49 172 6756368 | P14: connected to UHP Cesson (admin and monitoring) linked to Cesson / isolated network | Q14: security is controlled via Access List, only approved staff will get access to the DC. Access Cards will only be handed out to authorised staff managed via secure access list embeeded in customer portal / 24h in advance need normal DC management/maintenance visits need to be announced Contact : +49 1805 049 555 ServiceDesk.de@eu.equinix.com | R14: B2GaaS, SITA, Share Cloud, Siemens, Takeda, Additiv, ALDI | S14: 1500w/m² Power of the Diesel:8*1600 kVA diesel engine generators power of the UPS:4*1600 KVA Units in n+1 DC own power transformator available:4 * 2500 KVA | T14: ISAE 3402 - ISO 9001 ISO 27001 - PCI DSS ISAE 14001 - ISO 18001 ISO 5001 | U14: TIER III+ | V14: 0 | W14: 46
A15: EMEA | B15: Germany | C15: Frankfurt | D15: Frankfurt | E15: Equant | F15: FRAX01 | G15: Kleyerstrasse 90 60326 Frankfurt | H15: Equant FRAX01 | I15: 3 - Opportunistic not to promote | L15: FOIS | M15: David Taieb Office : +33 1 40 91 36 39 Mobile : +33 6 81 87 76 63 david.taieb@orange.com | N15: Thomas Kolbe Office : +49 6196962714 Mobile : +49 6196962123 thomas.kolbe@orange.com | P15: Yes | Q15: Contact : +49 6196 962203 | T15: ISO 9001 - ISO 27001 | U15: TIERIII
A16: EMEA | B16: Belgium | C16: Brussel | D16: Brussel | E16: Mobistar | F16: BRUT03 | G16: Mobistar Datacenter Nossegem Leuvensesteenweg 641,1930 Zaventem, Belgium | H16: Stuart DC | I16: 3 - Opportunistic not to promote | L16: Mobistar | M16: David Taieb Office : +33 1 40 91 36 39 Mobile : +33 6 81 87 76 63 david.taieb@orange.com | N16: Paul Meijer Office: +31 206069161 Mobile : +31 206069200 paul.meijer@orange.com | O16: Paul Meijer Office: +31 206069161 Mobile : +31 206069200 paul.meijer@orange.com | P16: No | Q16: Level 1 / +32 (0) 261 401 20 : Duty manager Level 2 / +32 (0) 261 401 55 : Operation Service Desk 24/7 Level 3 / +32 (0) 261 401 23 : Pepijn Palmas | T16: ISO 27001 | U16: TIERIII
A17: EMEA | B17: Netherlands | C17: Amsterdam | D17: Amsterdam | E17: Equinix | F17: AMST02 | G17: Equinix - Science Park 610 1098 XH Amsterdam The Netherlands | H17: Equinix AM3 | I17: 3 - Opportunistic not to promote | L17: Equinix | M17: David Taieb Office : +33 1 40 91 36 39 Mobile : +33 6 81 87 76 63 david.taieb@orange.com | N17: Paul Meijer Office: +31 206069161 Mobile : +31 206069200 paul.meijer@orange.com | P17: No | Q17: Contact : +31 20 808 0015 ServiceDesk.NL@eu.equinix.com | R17: General Electric International Inc | T17: ISAE 3402 - ISO 9001 ISO 27001 - PCI DSS ISAE 14001 - ISO 18001 ISO 5001 | U17: TIERIII
A18: EMEA | B18: Netherlands | C18: Amsterdam | D18: Amsterdam | E18: Equinix | F18: AMS15 | G18: Equinix - Amstel Business Park Campus Duivendrechtsekade 80A 1096 AH Amsterdam The Netherlands | H18: Equinix AM6 | I18: 1 - Major | L18: Equinix | M18: Olivier Coroller Office +33 2 23 06 44 62 Mobile +33 6 71 92 65 97 olivier.coroller@orange.com | N18: Paul Meijer Office: +31 206069161 Mobile : +31 206069200 paul.meijer@orange.com | O18: VERKRUISEN Roel Office: +31206069272 Mobile : +31653810114 roel.verkruisen@orange.com | P18: No | Q18: Contact : +31 20 808 0015 ServiceDesk.NL@eu.equinix.com | R18: Flexible Engine | T18: ISO 27001 - PCI-DSS -OHSAS 18001 - ISO 9001 - ISO 5001 - ISO 14001 - SSAE 16/ISAE 3402 SOC-1 Type II | U18: TIERIII | W18: 86
A19: EMEA | B19: Netherlands | C19: Amsterdam | D19: Amsterdam | E19: Equant | F19: AMSX01 | G19: Cessnalaan 71, 1119 NM, Schiphol-Rijk The Netherlands | H19: Amsterdam AMSX01 | I19: 1 - Major | L19: FOIS | M19: David Taieb Office : +33 1 40 91 36 39 Mobile : +33 6 81 87 76 63 david.taieb@orange.com | N19: Paul Meijer Office: +31 206069161 Mobile : +31 206069200 paul.meijer@orange.com | O19: VERKRUISEN Roel Office: +31206069272 Mobile : +31653810114 roel.verkruisen@orange.com | P19: No | Q19: Contact : +31 20 808 0015 | T19: ISO 9001 - ISO 27001 | U19: TIERIII+ | W19: 86
A20: EMEA | B20: Switzerland | C20: Geneva | D20: Geneva | E20: Equinix | F20: GVAT02 | G20: Equinix - 48, Route du Bois-des-Frères 1219 Le Lignon Switzerland | H20: Equinix GV2 | I20: 3 - Opportunistic not to promote | J20: Nethosting | L20: Equinix | M20: David Taieb Office : +33 1 40 91 36 39 Mobile : +33 6 81 87 76 63 david.taieb@orange.com | N20: Pierre Mall Office: +41 223399155 Mobile : +41 794269190 pierre.mall@orange.com | O20: Pierre Mall Office: +41 223399155 Mobile : +41 794269190 pierre.mall@orange.com | P20: connected to UHP Cesson | Q20: Contact : +41 22 518 07 20 ServiceDesk.CH@eu.equinix.com | T20: ISO 9001 - ISO 27001 ISAE 3402 - PCI DSS | U20: TIERIII
A21: EMEA | B21: Switzerland | C21: Geneva | D21: Geneva | E21: Equant | F21: GVAX01 | G21: Equant, route des Jeunes 13bis, 1227 Carouge | H21: Geneva PoP GVAX01 | I21: 3 - Opportunistic not to promote | L21: FOIS | M21: David Taieb Office : +33 1 40 91 36 39 Mobile : +33 6 81 87 76 63 david.taieb@orange.com | N21: Pierre Mall Office: +41 223399155 Mobile : +41 794269190 pierre.mall@orange.com | O21: Pierre Mall Office: +41 223399155 Mobile : +41 794269190 pierre.mall@orange.com | P21: No
A22: EMEA | B22: Switzerland | C22: Zurich | D22: Zurich | E22: Equant | F22: ZRHX02 | G22: Albulastrasse 55 | H22: Zurich - PoP ZRHX02 | I22: 2 - Opportunistic | L22: FOIS | M22: David Taieb Office : +33 1 40 91 36 39 Mobile : +33 6 81 87 76 63 david.taieb@orange.com | N22: Pierre Mall Office: +41 223399155 Mobile : +41 794269190 pierre.mall@orange.com | O22: Pierre Mall Office: +41 223399155 Mobile : +41 794269190 pierre.mall@orange.com | P22: No | T22: - | U22: TIER III | V22: 0
A23: EMEA | B23: Poland | C23: Lodz | D23: Lodz | E23: Orange Poland | F23: LCJT01 | G23: 92-104 Lodz, Stokowska 17/19 | H23: Orange PoP Lodz | I23: 2 - Opportunistic | L23: FOIS | M23: David Taieb Office : +33 1 40 91 36 39 Mobile : +33 6 81 87 76 63 david.taieb@orange.com | N23: Constantin Velicu Office: +40 374447975 Mobile : +40 744560525 constantin.velicu@orange.com | P23: No | Q23: Contact : +48 42 617 57 30 cnoper@orange.com | T23: ISO 22301 - ISO 27001 | U23: TIER III
A24: EMEA | B24: South Africa | C24: Johannesbourg | D24: Johannesbourg | E24: Teraco | F24: tbd | G24: 5 Brewery St, Kempton Park, 1600 South Africa | H24: Teraco Johannesbourg | I24: 2 - Opportunistic | L24: Teraco | M24: David Taieb Office : +33 1 40 91 36 39 Mobile : +33 6 81 87 76 63 david.taieb@orange.com | N24: Jan coetzee Office : +27 115177109 Mobile :+27 834596331 jan.coetzee@orange.com | O24: Jan coetzee Office : +27 115177109 Mobile :+27 834596331 jan.coetzee@orange.com | P24: No | R24: ZTE | U24: TIER III
A25: EMEA | B25: South Africa | C25: Johannesbourg | D25: Johannesbourg | E25: Equant | F25: JNBT01 | G25: Ground Floor, SITA Equant Building, 18 Eglin Road, Sunninghill | H25: Equant JNBT01 | I25: 2 - Opportunistic | L25: FOIS | M25: David Taieb Office : +33 1 40 91 36 39 Mobile : +33 6 81 87 76 63 david.taieb@orange.com | N25: Jan coetzee Office : +27 115177109 Mobile :+27 834596331 jan.coetzee@orange.com | O25: Jan coetzee Office : +27 115177109 Mobile :+27 834596331 jan.coetzee@orange.com | P25: No
A26: EMEA | B26: Russia | C26: Moscow | E26: Ixcellerate | F26: tbd | H26: Ixcellerate DC | I26: 2 - Opportunistic | J26: Ixcellerate | K26: David Taieb Office : +33 1 40 91 36 39 Mobile : +33 6 81 87 76 63 david.taieb@orange.com
A27: EMEA | B27: United Kingdom | C27: Scotland | D27: Aberdeen | E27: Brightsolid | F27: tbd | G27: BrightSolid Journal Ltd. Aberdeen AB15 6DF United Kingdom | H27: Brightsolid DC | I27: 2 - Opportunistic | J27: Brightsolid | K27: David Taieb Office : +33 1 40 91 36 39 Mobile : +33 6 81 87 76 63 david.taieb@orange.com
A28: EMEA | B28: Netherlands | C28: Amsterdam | D28: Amsterdam | E28: NTT | F28: tbd | G28: NTT AMS1 e-shelter Amsterdam 1 Data Center Aviolanda 1, 1437 ED Rozenburg, Pays-Bas | H28: NTT AMS | I28: 2 - Opportunistic | W28: 60
A29: EMEA | B29: Romania | C29: Bucarest | D29: Bucarest | E29: Orange Romania | F29: tbd | H29: Bucarest - Orange Romania | I29: 3 - Opportunistic not to promote | L29: Orange Romania | M29: David Taieb Office : +33 1 40 91 36 39 Mobile : +33 6 81 87 76 63 david.taieb@orange.com | N29: Mr. Stefan Ionut Slavnicu Head of Infrastructure Expansion phone+40 374442600mobile+40 744441359 | P29: No | S29: Ground Floor 300m2 + 50m2 (possibility to extend to 300m2 | T29: 24/18 and 14K | U29: TIER III | V29: tbd | W29: Cabinets from 5kVA (3,5kW) to 7kVA (5kW) 2008 building on site proximity team
A30: EMEA | B30: Switzerland | C30: Geneva | D30: Geneva | E30: Safehost | F30: GVA09 | G30: SafeHost - Chemin du Pre-Fleuri - 1228 Plan-les-Ouates. Geneva | H30: Geneva - Safehost | I30: 5 - Closed | L30: Safehost SA | O30: N/A | P30: No | Q30: Safehost +41 (0) 22 884 50 00 Baptiste Coudurier +41 78 630 3835 Mark Thornhill :+41 78 636 6582 | R30: Numonyx | S30: Size of the Building: 9,500 m² Size of the hosting area: 350 Square Meter for OBS Capacity of the hosting area (# cabinets): 1300 | T30: - | U30: TIER III | W30: 4 - Closed on October 30th 2012
A31: EMEA | B31: United Kingdom | C31: London | D31: London | E31: Equant | F31: LONX02 | G31: 1 Muirfield Crescent- Off Pepper Street- London E14 9SZ | H31: London - Archway House | I31: 5 - Closed | L31: FOIS | O31: Dave Hogg Office - 44 2083214586 Mobile - 44-796-686-1580 | P31: No | Q31: Yes | R31: EQUANT IT&S | S31: Size of the External Customer Hosting Area: 700 sq ft / 65 sq m_Capacity of the Hosting Center:Approx 36 racks | T31: - | U31: - | W31: Equipments Moved to Lampton House
A32: EMEA | B32: United Kingdom | C32: London | D32: London | E32: Equinix | F32: tbd | G32: 352 Buckingham Avenue, Slough Trading Estate, Slough, Berkshire SL1 4PF, UK | H32: Equinix LD6 | I32: 2 - Opportunistic | L32: Equinix | M32: David Taieb Office : +33 1 40 91 36 39 Mobile : +33 6 81 87 76 63 david.taieb@orange.com | N32: Dave Hogg Office - 44 2083214586 Mobile - 44-796-686-158 | O32: Dave Hogg Office - 44 2083214586 Mobile - 44-796-686-158 | P32: No | Q32: contact : +44 345 373 2999 ServiceDesk.UK@eu.equinix.com | R32: Chrysaor, JLR, GSK, AirBnB | T32: ISAE 3402 - ISO 9001 ISO 27001 - PCI DSS ISAE 14001 - ISO 18001 ISO 5001 | U32: TIER III+
A33: EMEA | B33: United Kingdom | C33: London | D33: London | E33: Equinix | F33: tbd | G33: 6-7 Harbour Exchange Square, Isle of Dogs, London E14 9GE, UK | H33: Equinix LD8 | I33: 1 - Major | L33: Equinix | M33: David Taieb Office : +33 1 40 91 36 39 Mobile : +33 6 81 87 76 63 david.taieb@orange.com | N33: Dave Hogg Office - 44 2083214586 Mobile - 44-796-686-158 | O33: Dave Hogg Office - 44 2083214586 Mobile - 44-796-686-158 | P33: No | Q33: contact : +44 345 373 2999 ServiceDesk.UK@eu.equinix.com | R33: cage 7 racks with BAT (3 racks) | T33: ISAE 3402 - ISO 9001 ISO 27001 - PCI DSS ISAE 14001 - ISO 18001 ISO 5001 | U33: TIER III+ | V33: OTI deployed | W33: 7
A34: EMEA | B34: United Kingdom | C34: London | D34: London | E34: Equinix | F34: tbd | G34: Unit 2, Powergate Business Park, Volt Ave, London NW10 6PW, UK | H34: Equinix LD9 | I34: 2 - Opportunistic | L34: Equinix | M34: David Taieb Office : +33 1 40 91 36 39 Mobile : +33 6 81 87 76 63 david.taieb@orange.com | N34: Dave Hogg Office - 44 2083214586 Mobile - 44-796-686-158 | O34: Dave Hogg Office - 44 2083214586 Mobile - 44-796-686-158 | P34: No | Q34: contact : +44 345 373 2999 ServiceDesk.UK@eu.equinix.com | R34: JLR | T34: ISAE 3402 - ISO 9001 ISO 27001 - PCI DSS ISAE 14001 - ISO 18001 ISO 5001 | U34: TIER III+
A35: EMEA | B35: Germany | C35: Frankfurt | D35: Frankfurt | E35: Equinix | F35: tbd | G35: Kruppstraße 121-127, 60388 Frankfurt am Main, Germany | H35: Equinix FR2 | I35: 2 - Opportunistic | L35: Equinix | M35: David Taieb Office : +33 1 40 91 36 39 Mobile : +33 6 81 87 76 63 david.taieb@orange.com | N35: Thomas Kolbe Office : +49 6196962714 Mobile : +49 6196962123 thomas.kolbe@orange.com | O35: Thomas Kolbe Office : +49 6196962714 Mobile : +49 6196962123 thomas.kolbe@orange.com | P35: No | Q35: contact : +49.1805.049.555 servicedesk.de@eu.equinix.com | R35: ALDI, Siemens | T35: ISAE 3402 - ISO 9001 ISO 27001 - PCI DSS ISAE 14001 - ISO 18001 ISO 5001 | U35: TIER III+
A36: EMEA | B36: Germany | C36: Frankfurt | D36: Frankfurt | E36: Equinix | F36: tbd | G36: Kleyerstraße 90, Frankfurt 60326 Germany | H36: Equinix FR5 | I36: 2 - Opportunistic | L36: Equinix | M36: David Taieb Office : +33 1 40 91 36 39 Mobile : +33 6 81 87 76 63 david.taieb@orange.com | N36: Thomas Kolbe Office : +49 6196962714 Mobile : +49 6196962123 thomas.kolbe@orange.com | O36: Thomas Kolbe Office : +49 6196962714 Mobile : +49 6196962123 thomas.kolbe@orange.com | P36: No | Q36: contact : +49.1805.049.555 servicedesk.de@eu.equinix.com | R36: Canon | T36: ISAE 3402 - ISO 9001 ISO 27001 - PCI DSS ISAE 14001 - ISO 18001 ISO 5001 | U36: TIER III+
A37: EMEA | B37: Germany | C37: Frankfurt | D37: Frankfurt | E37: Equinix | F37: tbd | G37: Larchenstrasse 110, 60326 Frankfurt, Germany | H37: Equinix FR6 | I37: 2 - Opportunistic | L37: Equinix | M37: David Taieb Office : +33 1 40 91 36 39 Mobile : +33 6 81 87 76 63 david.taieb@orange.com | N37: Thomas Kolbe Office : +49 6196962714 Mobile : +49 6196962123 thomas.kolbe@orange.com | O37: Thomas Kolbe Office : +49 6196962714 Mobile : +49 6196962123 thomas.kolbe@orange.com | P37: No | Q37: contact : +49.1805.049.555 servicedesk.de@eu.equinix.com | R37: Airbus | T37: ISAE 3402 - ISO 9001 ISO 27001 - PCI DSS ISAE 14001 - ISO 18001 ISO 5001 | U37: TIER III+
A38: EMEA | B38: Germany | C38: Frankfurt | D38: Frankfurt | E38: Equinix | F38: tbd | G38: Gutleutstrasse 310, Frankfurt DE 60327, Germany | H38: Equinix FR7 | I38: 2 - Opportunistic | L38: Equinix | M38: David Taieb Office : +33 1 40 91 36 39 Mobile : +33 6 81 87 76 63 david.taieb@orange.com | N38: Thomas Kolbe Office : +49 6196962714 Mobile : +49 6196962123 thomas.kolbe@orange.com | O38: Thomas Kolbe Office : +49 6196962714 Mobile : +49 6196962123 thomas.kolbe@orange.com | P38: No | Q38: contact : +49.1805.049.555 servicedesk.de@eu.equinix.com | R38: Airbus | T38: ISAE 3402 - ISO 9001 ISO 27001 - PCI DSS ISAE 14001 - ISO 18001 ISO 5001 | U38: TIER III+
A39: EMEA | B39: Germany | C39: Munich | D39: Munich | E39: Equinix | F39: tbd | G39: Seidlstrasse 3, Munich DE 80335, Germany | H39: Equinix MU3 | I39: 2 - Opportunistic | L39: Equinix | M39: David Taieb Office : +33 1 40 91 36 39 Mobile : +33 6 81 87 76 63 david.taieb@orange.com | N39: Thomas Kolbe Office : +49 6196962714 Mobile : +49 6196962123 thomas.kolbe@orange.com | O39: Thomas Kolbe Office : +49 6196962714 Mobile : +49 6196962123 thomas.kolbe@orange.com | P39: No | Q39: contact : +49.1805.049.555 servicedesk.de@eu.equinix.com | R39: Additiv | T39: ISAE 3402 - ISO 9001 ISO 27001 - PCI DSS ISAE 14001 - ISO 18001 ISO 5001 | U39: TIER III+
A40: EMEA | B40: Netherlands | C40: Amsterdam | D40: Amsterdam | E40: Equinix | F40: tbd | G40: Luttenbergweg 4 1101 EC Amsterdam The Netherlands | H40: Equinix AM2 | I40: 3 - Opportunistic not to promote | L40: Equinix | M40: David Taieb Office : +33 1 40 91 36 39 Mobile : +33 6 81 87 76 63 david.taieb@orange.com | N40: Paul Meijer Office: +31 206069161 Mobile : +31 206069200 paul.meijer@orange.com | O40: VERKRUISEN Roel Office: +31206069272 Mobile : +31653810114 roel.verkruisen@orange.com | P40: No | Q40: Contact : +31 20 808 0015 ServiceDesk.NL@eu.equinix.com | R40: PERDIGAO | T40: ISAE 3402 - ISO 9001 ISO 27001 - PCI DSS ISAE 14001 - ISO 18001 ISO 5001 | U40: TIERIII+
A41: EMEA | B41: Netherlands | C41: Amsterdam | D41: Amsterdam | E41: Equinix | F41: tbd | G41: Science Park 610 1098 XH Amsterdam Netherlands | H41: Equinix AM4 | I41: 2 - Opportunistic | L41: Equinix | M41: David Taieb Office : +33 1 40 91 36 39 Mobile : +33 6 81 87 76 63 david.taieb@orange.com | N41: Paul Meijer Office: +31 206069161 Mobile : +31 206069200 paul.meijer@orange.com | O41: VERKRUISEN Roel Office: +31206069272 Mobile : +31653810114 roel.verkruisen@orange.com | P41: No | Q41: Contact : +31 20 808 0015 ServiceDesk.NL@eu.equinix.com | R41: SAIPEN | T41: ISAE 3402 - ISO 9001 ISO 27001 - PCI DSS ISAE 14001 - ISO 18001 ISO 5001 | U41: TIERIII+
A42: EMEA | B42: Netherlands | C42: Amsterdam | D42: Amsterdam | E42: Equinix | F42: tbd | G42: Schepenbergweg 42, 1105 AT Amsterdam, Netherlands | H42: Equinix AM5 | I42: 3 - Opportunistic not to promote | L42: Equinix | M42: David Taieb Office : +33 1 40 91 36 39 Mobile : +33 6 81 87 76 63 david.taieb@orange.com | N42: Paul Meijer Office: +31 206069161 Mobile : +31 206069200 paul.meijer@orange.com | O42: VERKRUISEN Roel Office: +31206069272 Mobile : +31653810114 roel.verkruisen@orange.com | P42: No | Q42: Contact : +31 20 808 0015 ServiceDesk.NL@eu.equinix.com | R42: NOVARTIS | T42: ISAE 3402 - ISO 9001 ISO 27001 - PCI DSS ISAE 14001 - ISO 18001 ISO 5001 | U42: TIERIII+
A43: EMEA | B43: Switzerland | C43: Geneva | D43: Geneva | E43: Equinix | F43: tbd | G43: 6 Rue de la Confederation CH-1204 Geneva Switzerland | H43: Equinix GV1 | I43: 3 - Opportunistic not to promote | L43: Equinix | M43: David Taieb Office : +33 1 40 91 36 39 Mobile : +33 6 81 87 76 63 david.taieb@orange.com | N43: Pierre Mall Office: +41 223399155 Mobile : +41 794269190 pierre.mall@orange.com | O43: Pierre Mall Office: +41 223399155 Mobile : +41 794269190 pierre.mall@orange.com | P43: No | Q43: Contact : +41.22.518.0720 servicedesk.gv@eu.equinix.com | R43: PMI, JTI | T43: ISAE 3402 - ISO 9001 ISO 27001 - PCI DSS ISAE 14001 - ISO 18001 ISO 5001 | U43: TIERIII+
A44: EMEA | B44: Switzerland | C44: Zurich | D44: Zurich | E44: Equinix | F44: tbd | G44: Allmendstrasse 13 Oberengstringen 8102 Switzerland | H44: Equinix ZH5 | I44: 3 - Opportunistic not to promote | L44: Equinix | M44: David Taieb Office : +33 1 40 91 36 39 Mobile : +33 6 81 87 76 63 david.taieb@orange.com | N44: Pierre Mall Office: +41 223399155 Mobile : +41 794269190 pierre.mall@orange.com | O44: Pierre Mall Office: +41 223399155 Mobile : +41 794269190 pierre.mall@orange.com | P44: No | Q44: Contact : +41.43.508.1038 servicedesk.zh@eu.equinix.com | R44: ADDITIV | T44: ISAE 3402 - ISO 9001 ISO 27001 - PCI DSS ISAE 14001 - ISO 18001 ISO 5001 | U44: TIERIII+
A45: EMEA | B45: Ivory Coast | C45: Grand Bassam | D45: Grand Bassam | E45: Orange CI | F45: tbd | G45: VITIB Academy – BP 605 Grand-Bassam | H45: Orange VITIB | I45: 2 - Opportunistic | L45: Orange CI | M45: David Taieb Office : +33 1 40 91 36 39 Mobile : +33 6 81 87 76 63 david.taieb@orange.com | N45: OUATTARA Baley /GOS | O45: OUATTARA Baley /GOS | P45: No | U45: TIER IV
A46: EMEA | B46: Senegal | C46: Dakar | D46: Dakar | E46: Orange Sonatel | F46: tbd | G46: Rte de Rufisque, Dakar, Sénégal | H46: Orange Sonatel Rufisque | I46: 2 - Opportunistic | L46: Orange Sonatel | M46: David Taieb Office : +33 1 40 91 36 39 Mobile : +33 6 81 87 76 63 david.taieb@orange.com | N46: Kiné Dimé Mbengue Orange Business Services Réponsable Business Development Cloud Bureau : +221338694426 Mobile :+221 77450 68 00 | O46: Kiné Dimé Mbengue Orange Business Services Réponsable Business Development Cloud Bureau : +221338694426 Mobile :+221 77450 68 00 | P46: No | U46: TIER IV
A47: EMEA | B47: Maroc | C47: Rabat | D47: Rabat | E47: Orange Meditel | F47: tbd | G47: sis Lotissement Vita Nr. 7 Route de Casa Km 3.5 Yacoub Elmansour, Rabat Maroc | H47: Orange Meditel | I47: 3 - Opportunistic not to promote | L47: Orange Maroc | M47: David Taieb Office : +33 1 40 91 36 39 Mobile : +33 6 81 87 76 63 david.taieb@orange.com | N47: Nawal Jaroun nawal.jaroun@orange.com 00212520201237 | P47: No | U47: TIER III
A48: EMEA | B48: France | C48: Grenoble | D48: Grenoble | E48: B&D - EOLAS | F48: tbd | G48: 29 Rue Servan, 38000 Grenoble | H48: B&D - EOLAS | I48: 2 - Opportunistic | L48: B&D - EOLAS | M48: David Taieb Office : +33 1 40 91 36 39 Mobile : +33 6 81 87 76 63 david.taieb@orange.com | P48: No | U48: TIER III
A49: EMEA | B49: Norway | C49: Oslo | D49: Oslo | E49: Basefarm | F49: OSL3 | G49: Hans Møller Gasmanns vei 9, 0598 Oslo, Norvège | H49: Basefarm OSL3 | I49: 1 - Major | L49: Basefarm | M49: David Taieb Office : +33 1 40 91 36 39 Mobile : +33 6 81 87 76 63 david.taieb@orange.com | N49: Michael Storrosten Head of Datacenter Operations BASEFARM | Nydalen Allé 37a | 0484 Oslo | Norway Mobile: +47 918 644 00 | Phone: +47 4000 4100 | P49: No | T49: PCI DSS (sec 9 & 12), ISO 27001, uptime according to Tier III | U49: TIER III | W49: 550
A50: EMEA | B50: Norway | C50: Oslo | D50: Oslo | E50: Basefarm | F50: OSL5 | G50: Nydalen allé 37A, 0484 Oslo, Norvège | H50: Basefarm OSL5 | I50: 1 - Major | L50: Basefarm | M50: David Taieb Office : +33 1 40 91 36 39 Mobile : +33 6 81 87 76 63 david.taieb@orange.com | N50: Michael Storrosten Head of Datacenter Operations BASEFARM | Nydalen Allé 37a | 0484 Oslo | Norway Mobile: +47 918 644 00 | Phone: +47 4000 4100 | P50: No | T50: PCI DSS (sec 9 & 12), ISO 27001, uptime according to Tier III | U50: TIER III | W50: 500
A51: EMEA | B51: Norway | C51: Oslo | D51: Oslo | E51: Basefarm | F51: OSL4 | H51: Basefarm OSL4 | I51: 3 - Opportunistic not to promote | L51: Basefarm | M51: David Taieb Office : +33 1 40 91 36 39 Mobile : +33 6 81 87 76 63 david.taieb@orange.com | N51: Michael Storrosten Head of Datacenter Operations BASEFARM | Nydalen Allé 37a | 0484 Oslo | Norway Mobile: +47 918 644 00 | Phone: +47 4000 4100 | P51: No | T51: PCI DSS (sec 9 & 12), ISO 27001, uptime according to Tier III | U51: TIER III
A52: EMEA | B52: Germany | C52: Berlin | D52: Berlin | E52: NTT eshelter | F52: tdb | H52: NTT eshelter Berlin | I52: 2 - Opportunistic | L52: NTT eshelter | M52: David Taieb Office : +33 1 40 91 36 39 Mobile : +33 6 81 87 76 63 david.taieb@orange.com | N52: Michael Storrosten Head of Datacenter Operations BASEFARM | Nydalen Allé 37a | 0484 Oslo | Norway Mobile: +47 918 644 00 | Phone: +47 4000 4100 | P52: No | U52: TIER III
A53: EMEA | B53: Sweden | C53: Stockholm | D53: Stockholm | F53: tdb | H53: STH2 | I53: 3 - Opportunistic not to promote | M53: David Taieb Office : +33 1 40 91 36 39 Mobile : +33 6 81 87 76 63 david.taieb@orange.com | N53: Michael Storrosten Head of Datacenter Operations BASEFARM | Nydalen Allé 37a | 0484 Oslo | Norway Mobile: +47 918 644 00 | Phone: +47 4000 4100
A54: EMEA | B54: Sweden | C54: Stockholm | D54: Stockholm | F54: tdb | H54: STH5 | I54: 3 - Opportunistic not to promote | M54: David Taieb Office : +33 1 40 91 36 39 Mobile : +33 6 81 87 76 63 david.taieb@orange.com | N54: Michael Storrosten Head of Datacenter Operations BASEFARM | Nydalen Allé 37a | 0484 Oslo | Norway Mobile: +47 918 644 00 | Phone: +47 4000 4100
A55: EMEA | B55: Sweden | C55: Stockholm | D55: Stockholm | F55: tdb | H55: STH6 | I55: 2 - Opportunistic | M55: David Taieb Office : +33 1 40 91 36 39 Mobile : +33 6 81 87 76 63 david.taieb@orange.com | N55: Michael Storrosten Head of Datacenter Operations BASEFARM | Nydalen Allé 37a | 0484 Oslo | Norway Mobile: +47 918 644 00 | Phone: +47 4000 4100
A56: EMEA | B56: Netherlands | C56: Amsterdam | D56: Amsterdam | E56: Interxion | F56: tbd | H56: AMS2 | I56: 3 - Opportunistic not to promote | L56: Interxion | M56: David Taieb Office : +33 1 40 91 36 39 Mobile : +33 6 81 87 76 63 david.taieb@orange.com | N56: Paul Meijer Office: +31 206069161 Mobile : +31 206069200 paul.meijer@orange.com | O56: VERKRUISEN Roel Office: +31206069272 Mobile : +31653810114 roel.verkruisen@orange.com
A57: EMEA | B57: Netherlands | C57: Amsterdam | D57: Amsterdam | E57: NTT eshelter | F57: tbd | H57: NTT eshelter Frankfurt | I57: 2 - Opportunistic | L57: NTT eshelter | M57: David Taieb Office : +33 1 40 91 36 39 Mobile : +33 6 81 87 76 63 david.taieb@orange.com | N57: Paul Meijer Office: +31 206069161 Mobile : +31 206069200 paul.meijer@orange.com | O57: VERKRUISEN Roel Office: +31206069272 Mobile : +31653810114 roel.verkruisen@orange.com
A58: APAC | B58: Singapore | C58: Singapore | D58: Chai Chee | E58: Equant | F58: SINX01 | G58: Block 750 Oasis, Chai Chee Road, #04-01 Technopark @ Chai Chee Singapore 469000 | H58: Chai Chee SINX01 | I58: 3 - Opportunistic not to promote | J58: Orange PoP site | K58: No | L58: FOIS | M58: Raymond Chee Office : +65 6510 3237 Mobile : +65 9694 3332 raymond.chee@orange.com | N58: John YIP Office : +65 6419 6481 Mobile : +65 64196465 john.yip@orange.com | O58: John YIP Office : +65 6419 6481 Mobile : +65 64196465 john.yip@orange.com | P58: Yes Link | Q58: Normal Business Hr Mon to Fri 0830 - 1800 LT Duty Engr : 65 6511 4796 After business Hr Mon to Fri 1800 - 0900 Sat/Sun & Public Holiday Data centre is manned by Security Guard Office Tel : 65 6419 6323 Mobile : 65 9140 2927 | R58: BHP Billiton NOL Agilient | S58: Size of the Building: 1,016m² Size of the hosting area: 400 m² Capacity of the hosting area (# cabinets): 60 (roughly) | T58: ISAE 3402 | U58: TIER II | V58: 0 | W58: Highly selective due to limited power left. Prefer managed hosting. Avoid pure collocation. FOIS office is in the DC.
A59: APAC | B59: Singapore | C59: Singapore | D59: Chai Chee | E59: KDDI Telehouse | F59: SINH02 | G59: Block 750 Dune, Chai Chee Road, #05-04/05 Technopark @ Chai Chee, Singapore 469004 | H59: KDDI SG | I59: 1 - Major | J59: extended PoP from SINX01 | K59: NO Chevilly (LVMH) | L59: KDDI | M59: Raymond Chee Office : +65 6510 3237 Mobile : +65 9694 3332 raymond.chee@orange.com | N59: David Tay Duty Engr : Office : +656419 6480 Mobile : +65 9794 9628 +65 6511 4796 | O59: Mail : ocbinfra.servicedesk@orange.com On call number : 00201276379175 | P59: connected to UHP Chai Chee Link | Q59: 24x7 Security Guard, Biometric Access System KDDI security : +65 6576 4950 | R59: LVMH ACACIA LVMH CHIC SGS Societe Generale De Surveillance SA Neptune Orient Lines AP Moller - Maersk AS B2G3M Flexible Contact Centre Actis LLP INTERNATIONAL SOS ASSISTANCE Publicis | S59: Size of the Hosting Room:Approx. 640sqm. Capacity of the Hosting Rooms:Approx 200 Cabinets, Staging room:One mutualized staging room is available to setup the equipement. | T59: ISO 27001 | U59: TIER III | V59: 0 | W59: 79
A60: APAC | B60: Singapore | C60: Singapore | D60: Serangoon | E60: NTT | F60: SIND01 | G60: SERANGOON DATA CENTER, 51 SERANGOON NORTH AVENUE 4 SINGAPORE 555858 | H60: NTT Serangoon | I60: 1 - Major | J60: Cage 1 : JCT Cage Cage 2 : FCA / UCaaS Cage Cage 3 : Other Customers | K60: No | L60: NTT | M60: Raymond Chee Office : +65 6510 3237 Mobile : +65 9694 3332 raymond.chee@orange.com | N60: David Tay Duty Engr : Office : +656419 6480 Mobile : +65 9794 9628 +65 6511 4797 | O60: Mail : ocbinfra.servicedesk@orange.com On call number : 00201276379175 | P60: No | Q60: 24x7 Security Guard, Biometric Access System, CCTV cameras in every rack rows and common areas NTT Help Desk : +65 6871 5400 | R60: JCI TMF LVMH CHIC Starwood Hotels FC santé UCaaS COCA COLA COMPANY INTERNATIONAL SOS ASSISTANCE TMF Group OAB - MCC | S60: size of building (roughly) : 10,000 m2 size of the hosting area (roughly) : 5,000 m2 size occupied for our business (m2 or nb racks - roughly) : 180 m2 or 62 racks | T60: SOC 1 type 2 - ISO 27001 PCI DSS - Leed Green Building - 2011 BCA Green Mark | U60: TIER III+ | V60: 8 | W60: 106
A61: APAC | B61: Singapore | C61: Singapore | D61: Pioneer Walk | E61: Equinix | F61: SIND02 | G61: 15 Pioneer Walk Singapore 627753 | H61: Equinix SG2 | I61: 1 - Major | J61: Honey | K61: YES | L61: Equinix | M61: Raymond Chee Office : +65 6510 3237 Mobile : +65 9694 3332 raymond.chee@orange.com | N61: David Tay Duty Engr : Office : +656419 6480 Mobile : +65 9794 9628 +65 6511 4798 | O61: Mail : ocbinfra.servicedesk@orange.com On call number : 00201276379175 | P61: No | Q61: Local Toll Free Support: 800.852.3382 Direct: Support: +65.3158.5435 ServiceDesk@equinix.com | R61: NOVARTIS PHARMA AG Honey | S61: 15,942 m2 | T61: SSAE 16 / ISAE3402 SOC 1 Type II, ISO 27001 - PCI-DSS | U61: TIER III+ | V61: 30 | W61: 45
A62: APAC | B62: Singapore | C62: Singapore | D62: Ayer Rajah Crescent | E62: Equinix | F62: SIND03 | G62: Equinix SG3 IBX 26A Ayer Rajah Crescent 139963, Singapore | H62: Equinix SG3 | I62: 1 - Major | J62: Honey | K62: YES | L62: Equinix | M62: Raymond Chee Office : +65 6510 3237 Mobile : +65 9694 3332 raymond.chee@orange.com | N62: David Tay Duty Engr : Office : +656419 6480 Mobile : +65 9794 9628 +65 6511 4799 | O62: Mail : ocbinfra.servicedesk@orange.com On call number : 00201276379175 | P62: No | Q62: Local Toll Free Support: 800.852.3382 Direct: Support: +65.3158.5435 ServiceDesk@equinix.com | R62: NOVARTIS PHARMA AG Honey | S62: 2,870 m2 | T62: SSAE 16 / ISAE3402 SOC 1 Type II, ISO 27001 - PCI-DSS | U62: TIER III+ | V62: 20 | W62: 36
A63: APAC | B63: Australia | C63: Sydney | D63: Sydney | E63: Equant | F63: SYDX01 | G63: Unit 8, 5 Talavera Road, Macquarie Park, NSW, 2113 | H63: North Ryde SYDX01 | I63: 1 - Major | K63: No | L63: FOIS | M63: Murtuza Topiwala Office +65 65171014 Mobile +65 97102279 murtuza.topiwala@orange.com | N63: FOIS on Duty : +61288768940 | O63: Daniel Farrugia +61403009573, Damien haddad +61407112066, John Roche | P63: Yes Link | Q63: Contact :+61221277980 security.northryde@orange.com | R63: Rio Tinto BHP Equant IT&S | S63: Size of the Building: 4,185 m² Size of the hosting area: 1,563 m² Capacity of the hosting area (# cabinets): 460 (roughly) | T63: ISAE 3402 | U63: TIER III | V63: 0 | W63: 179
A64: APAC | B64: Australia | C64: Sydney | D64: Alexandria | E64: Equinix | F64: SYD16 | G64: 47 Bourke Road, Alexandria NSW 2015 | H64: Equinix SY3 | I64: 2 - Opportunistic | K64: No | L64: Equinix | M64: Murtuza Topiwala Office +65 65171014 Mobile +65 97102279 murtuza.topiwala@orange.com | N64: FOIS on Duty : +61288768940 | O64: Mail : ocbinfra.servicedesk@orange.com On call number : 00201276379175 | P64: Yes, extended | Q64: Contact : +61 388205505 ServiceDesk]equinix.com | R64: International SOS Wipro FCA | T64: SSAE 16 / ISAE3402 SOC 1 Type II, ISO 27001 - PCI-DSS | U64: TIER III
A65: APAC | B65: Australia | C65: Sydney | D65: Alexandria | E65: Equinix | F65: tbd | H65: Equinix SY1 | I65: 2 - Opportunistic | L65: Equinix | M65: Murtuza Topiwala Office +65 65171014 Mobile +65 97102279 murtuza.topiwala@orange.com
A66: APAC | B66: China | C66: Hong Kong | D66: Kwai Chung | E66: PCCW | F66: HKGH01 | G66: MCX10 - Cargo Consolidation Complex, 43 Container Port Road, Kwai Chung, Hong Kong | H66: PCCW HK | I66: 1 - Major | K66: No | L66: PCCW | M66: Raymond Chee Office : +65 6510 3237 Mobile : +65 9694 3332 raymond.chee@orange.com | N66: Kwok Fai Ho Office : +852 25836002 Fax : +852 283456890000 kwokfai.ho@orange.com | O66: Kwok Fai Ho Office : +852 25836002 Fax : +852 283456890000 kwokfai.ho@orange.com | P66: No | Q66: NOC : +852 2883 9819 | R66: Flexible Computing AP Moller - Maersk AS Flemingo International Limited International Finance Corporation | T66: ISO 9001 - ISO 27001 ISO 20000 - ISO 14001 ISAE 3402 ISAE 3000 | U66: TIER III+ | W66: 22
A67: APAC | B67: China | C67: Hong Kong | D67: Tai Po | E67: NTT | F67: HKGD02 | G67: 2 Dai Hei Street, Tai Po Industrial Park, Tai Po, N.T., Hong Kong | H67: NTT Tai Po | I67: 3 - Opportunistic not to promote | K67: No | L67: NTT | M67: Raymond Chee Office : +65 6510 3237 Mobile : +65 9694 3332 raymond.chee@orange.com | N67: Kwok Fai Ho Office : +852 25836002 Fax : +852 283456890000 kwokfai.ho@orange.com | O67: Kwok Fai Ho Office : +852 25836002 Fax : +852 283456890000 kwokfai.ho@orange.com | P67: No | Q67: 24 x 7 service hotline : +852 2110 - 3673 | R67: CSAV - Compañia Sudamericana de Vapores | T67: ISO 9001 - ISO 27001 ISO 20000 - ISO 14001 ISAE 3402 | U67: TIER III+
A68: APAC | B68: China | C68: Shanghai | D68: Shanghai | E68: Equinix | F68: tbd | G68: Building No. 3 700 Jinyu Road Pudong New Area Shanghai 201206 | H68: Equinix SH3 | I68: 2 - Opportunistic | K68: No | L68: Equinix | M68: Raymond Chee Office : +65 6510 3237 Mobile : +65 9694 3332 raymond.chee@orange.com | N68: Dang Zhilin Phone: +86 10 65351563 Fax: +86 10 65352988 Mobile : +86 13911653001 zhi.dang@orange.com | O68: Mail : ocbinfra.servicedesk@orange.com On call number : 00201276379175 | P68: No | Q68: Local Toll Free: Support: 400.842.8001 Direct: Support: +65.3158.3073 ServiceDesk.CN@equinix.com | R68: Schneider PEUGEOT CITROEN AUTOMOBILES SA Sodexo | T68: SSAE 16 / ISAE3402 SOC 1 Type II, ISO 27001 | U68: TIER III
A69: APAC | B69: China | C69: Shanghai | D69: Shanghai | E69: Equinix | F69: tbd | G69: Building No.9 No.619 Longchang Road Yangpu District Shanghai 200090 | H69: Equinix SH5 | I69: 2 - Opportunistic | K69: No | L69: Equinix | M69: Raymond Chee Office : +65 6510 3237 Mobile : +65 9694 3332 raymond.chee@orange.com | N69: Dang Zhilin Phone: +86 10 65351563 Fax: +86 10 65352988 Mobile : +86 13911653001 zhi.dang@orange.com | O69: Mail : ocbinfra.servicedesk@orange.com On call number : 00201276379175 | P69: No | Q69: Local Toll Free: Support: 400.842.8001 Direct: Support: +65.3158.3073 ServiceDesk.CN@equinix.com | R69: DSM Business Services BV | T69: SSAE 16 / ISAE3402 SOC 1 Type II, ISO 27002 | U69: TIER III+
A70: APAC | B70: China | C70: Hong Kong | D70: Hong Kong | E70: NTT | F70: tbd | G70: 15/F, Tower 2, Ever Gain Plaza, 88 Container Port Road, Kwai Chung, N.T., Hong Kong | H70: NTT Kwai Chung | I70: 3 - Opportunistic not to promote | L70: NTT | M70: Raymond Chee Office : +65 6510 3237 Mobile : +65 9694 3332 raymond.chee@orange.com | N70: Kwok Fai Ho Office : +852 25836002 Fax : +852 283456890000 kwokfai.ho@orange.com | O70: Kwok Fai Ho Office : +852 25836002 Fax : +852 283456890000 kwokfai.ho@orange.com | P70: No | Q70: Local Toll Free: Support: 400.842.8001 Direct: Support: +65.3158.3073 ServiceDesk.CN@equinix.com | R70: Marriott / Starwood | T70: ISO 9001 - ISO 27001 ISO 20000 - ISO 14001 ISAE 3402 | U70: TIER III+
A71: APAC | B71: China | C71: Hong Kong | D71: Hong Kong | E71: Equinix | F71: tbd | G71: 6/F, 1 Wang Wo Tsai Street Tsuen Wan, N.T. Hong Kong | H71: Equinix HK3 | I71: 2 - Opportunistic | L71: Equinix | M71: Raymond Chee Office : +65 6510 3237 Mobile : +65 9694 3332 raymond.chee@orange.com | N71: Kwok Fai Ho Office : +852 25836002 Fax : +852 283456890000 kwokfai.ho@orange.com | O71: Kwok Fai Ho Office : +852 25836002 Fax : +852 283456890000 kwokfai.ho@orange.com | P71: No | Q71: Local Toll Free: Support: 400.842.8001 Direct: Support: +65.3158.3073 ServiceDesk.CN@equinix.com | R71: Simmons and Simmons LLP | T71: ISO 9001 - ISO 27001 ISO 20000 - ISO 14001 ISAE 3402 | U71: TIER III+
A72: APAC | B72: China | C72: Hong Kong | D72: Hong Kong | E72: Equinix | F72: tbd | G72: 1/F Kerry Warehouse (Tsuen Wan) 3 Shing Yiu Street Tsuen Wan, N.T. Hong Kong | H72: Equinix HK2 | I72: 2 - Opportunistic | L72: Equinix | M72: Raymond Chee Office : +65 6510 3237 Mobile : +65 9694 3332 raymond.chee@orange.com | N72: Kwok Fai Ho Office : +852 25836002 Fax : +852 283456890000 kwokfai.ho@orange.com | O72: Kwok Fai Ho Office : +852 25836002 Fax : +852 283456890000 kwokfai.ho@orange.com | P72: No | Q72: Local Toll Free: Support: 400.842.8001 Direct: Support: +65.3158.3073 ServiceDesk.CN@equinix.com | R72: BASF, BAT | T72: ISO 9001 - ISO 27001 ISO 20000 - ISO 14001 ISAE 3402 | U72: TIER III+
A73: APAC | B73: Japan | C73: Tokyo | D73: Tokyo | E73: Equinix | F73: tbd | G73: 2-1-7, Higashi-shinagawa Shinagawa-ku Tokyo, Japan 140-0002 | H73: Equinix TY8 | I73: 2 - Opportunistic | L73: Equinix | M73: Murtuza Topiwala Office +65 65171014 Mobile +65 97102279 murtuza.topiwala@orange.com | N73: NISHIZU Taro OBS/CSO <taro.nishizu@orange.com>; TYO Fe_List ORANGE <tyo.fe.list@orange.com> | O73: Mail : ocbinfra.servicedesk@orange.com On call number : 00201276379175 | P73: No | Q73: Local Toll Free: Support: 0066.3384.0073 Direct: Support: +81 3.4520.8118 ServiceDesk.JP@equinix.com | R73: Takeda | T73: SSAE 16 SOC-1 Type II, SOC-2 type II - ISO 27001 | U73: TIER III
A74: APAC | B74: Japan | C74: Tokyo | D74: Tokyo | E74: NTT | F74: TYOT04 | G74: Tokyo No.5 DC, 3-15-2 Yushima, Bunkyo-ku, Tokyo, Japan | H74: NTT Tokyo | I74: 2 - Opportunistic | L74: NTT | M74: Murtuza Topiwala Office +65 65171014 Mobile +65 97102279 murtuza.topiwala@orange.com | N74: NISHIZU Taro OBS/CSO <taro.nishizu@orange.com>; TYO Fe_List ORANGE <tyo.fe.list@orange.com> | O74: Mail : ocbinfra.servicedesk@orange.com On call number : 00201276379175 | P74: No | Q74: NTT Tokyo - TYNOC-SFD +81-33270-6617 support-cs@ntt.com | R74: Al Gore/Siemens/UPS | U74: TIER III
A75: APAC | B75: Japan | C75: Osaka | D75: Osaka | E75: NTT | F75: OSAT04 | G75: Dojima No.1 DC, 3-1-59 Dojima Kita-Ku, Osaka-shi, Osaka, Japan | H75: NTT Osaka | I75: 2 - Opportunistic | L75: NTT | M75: Murtuza Topiwala Office +65 65171014 Mobile +65 97102279 murtuza.topiwala@orange.com | N75: NISHIZU Taro OBS/CSO <taro.nishizu@orange.com>; TYO Fe_List ORANGE <tyo.fe.list@orange.com> | O75: Mail : ocbinfra.servicedesk@orange.com On call number : 00201276379175 | P75: No | Q75: NTT Tokyo - TYNOC-SFD +81-33270-6617 support-cs@ntt.com | U75: TIER III
A76: APAC | B76: India | C76: Mumbai | D76: Mumbai | E76: NTT Netmagic | F76: BOMT07 | G76: DC4, Landmark, Near Jaswanti Landmark, Netmagic Solutions Pvt Ltd Mehratex India Pvt.Ltd. Mehra Industrial Estate, LBS Rd, Vikhroli West, Mumbai, Maharashtra 400079. | H76: NTT Netmagic | I76: 2 - Opportunistic | L76: NTT | M76: Murtuza Topiwala Office +65 65171014 Mobile +65 97102279 murtuza.topiwala@orange.com | N76: ALMEIDA Cedric OBS/CSO <cedric.almeida@orange.com> | O76: Mail : ocbinfra.servicedesk@orange.com On call number : 00201276379175 | P76: No | Q76: Global Service Desk support@netmagicsolutions.com +912267851599/ +912240411599 | R76: APMM | T76: PCI DSS Ver 3 ISO/IEC 27001 ISO/IEC 20000-1 ISO 9001 CERT-IN Empanelled | U76: TIER III | Y76: JAIN Aman OBS/SOURC aman.jain@orange.com TEL +91-124-6654125 (CVS ) 7-357-4025 Mobile +91-9899969298
A77: APAC | B77: India | C77: Mumbai | D77: Mumbai | E77: STT TCL | F77: BOMT08 | G77: Plot C-21 & C-36, G Block, Bandra Kulrla Complex, Vidyanagari Post office, | H77: STT TCL | I77: 4 - Frozen | L77: STT | M77: Murtuza Topiwala Office +65 65171014 Mobile +65 97102279 murtuza.topiwala@orange.com | N77: ALMEIDA Cedric OBS/CSO <cedric.almeida@orange.com> | O77: Mail : ocbinfra.servicedesk@orange.com On call number : 00201276379175 | P77: No | Q77: TBD | R77: Publicis | T77: ITIL TIA 942 ISO14001 ISO20000 ISO27001 SSAE16 ISAE3402 | U77: TIER III | Y77: JAIN Aman OBS/SOURC aman.jain@orange.com TEL +91-124-6654125 (CVS ) 7-357-4025 Mobile +91-9899969298
A78: APAC | B78: China | C78: Shanghai | D78: Shanghai | E78: SDS | F78: tbd | G78: No. 368 Qin Qiao Road, Shanghai, Shanghai | H78: Shanghai Data Solution | I78: 2 - Opportunistic | L78: SDS | M78: Raymond Chee Office : +65 6510 3237 Mobile : +65 9694 3332 raymond.chee@orange.com | N78: Dang Zhilin Phone: +86 10 65351563 Fax: +86 10 65352988 Mobile : +86 13911653001 zhi.dang@orange.com | O78: Mail : ocbinfra.servicedesk@orange.com On call number : 00201276379175 | P78: No | Q78: TBD | R78: Merck | U78: TIER III+
A79: APAC | B79: China | C79: Shanghai | D79: Shanghai | E79: Equinix | F79: tbd | G79: Building No. 4 700 Jinyu Road Pudong New Area Shanghai 201206 | H79: Equinix SH2 | I79: 2 - Opportunistic | L79: Equinix | M79: Raymond Chee Office : +65 6510 3237 Mobile : +65 9694 3332 raymond.chee@orange.com | N79: Dang Zhilin Phone: +86 10 65351563 Fax: +86 10 65352988 Mobile : +86 13911653001 zhi.dang@orange.com | O79: Mail : ocbinfra.servicedesk@orange.com On call number : 00201276379175 | P79: No | Q79: Local Toll Free: Support: 400.842.8001 Direct: Support: +65.3158.3073 ServiceDesk.CN@equinix.com | R79: Schneider PEUGEOT CITROEN AUTOMOBILES SA Sodexo | T79: SSAE 16 / ISAE3402 SOC 1 Type II, ISO 27002 | U79: TIER III
A80: APAC | B80: China | C80: Beijing | D80: Beijing | E80: Dr. Peng | F80: tbd | G80: No. 9 Jiuxianqiao North Road, Chaoyang District | H80: Dr. Peng | I80: 2 - Opportunistic | L80: Dr. Peng | M80: Raymond Chee Office : +65 6510 3237 Mobile : +65 9694 3332 raymond.chee@orange.com | N80: Dang Zhilin Phone: +86 10 65351563 Fax: +86 10 65352988 Mobile : +86 13911653001 zhi.dang@orange.com | O80: Mail : ocbinfra.servicedesk@orange.com On call number : 00201276379175 | P80: No | Q80: TBD | R80: Siemens | U80: TIER III+
A81: APAC | B81: India | C81: Bangalore | D81: Bangalore | E81: STT TCL | F81: BLRT07 | G81: #18, 19 & 20, EPIP Layout, KIADB, Whitefield, | H81: STT TCL | I81: 4 - Frozen | L81: STT | M81: Murtuza Topiwala Office +65 65171014 Mobile +65 97102279 murtuza.topiwala@orange.com | N81: ALMEIDA Cedric OBS/CSO <cedric.almeida@orange.com> | O81: Mail : ocbinfra.servicedesk@orange.com On call number : 00201276379175 | P81: No | Q81: TBD | R81: Publicis | T81: ITIL TIA 942 ISO14001 ISO20000 ISO27001 SSAE16 ISAE3402 | U81: TIER III | Y81: JAIN Aman OBS/SOURC aman.jain@orange.com TEL +91-124-6654125 (CVS ) 7-357-4025 Mobile +91-9899969298
A82: APAC | B82: India | C82: Delhi | D82: Delhi | E82: STT TCL | F82: DELT07 | G82: IDC Building, Opp. Savitri Cinema Flyover, Greater Kailash - 1, | H82: STT TCL | I82: 4 - Frozen | L82: STT | M82: Murtuza Topiwala Office +65 65171014 Mobile +65 97102279 murtuza.topiwala@orange.com | N82: ALMEIDA Cedric OBS/CSO <cedric.almeida@orange.com> | O82: Mail : ocbinfra.servicedesk@orange.com On call number : 00201276379175 | P82: No | Q82: TBD | R82: Publicis | T82: ITIL TIA 942 ISO14001 ISO20000 ISO27001 SSAE16 ISAE3402 | U82: TIER III | Y82: JAIN Aman OBS/SOURC aman.jain@orange.com TEL +91-124-6654125 (CVS ) 7-357-4025 Mobile +91-9899969298
A83: NAM | B83: United States | C83: Washington | D83: Oak Hill | E83: Equant | F83: IADX01 | G83: 13775 McLearen Road Herndon, Virginia 20171 | H83: Equant IADX01 | I83: 1 - Major | J83: Renewed for 12 years | K83: No | L83: FOIS | M83: Dennis McMahon Office +17034712380 Mobile +15712839791 dennis.mcmahon@orange.com | N83: iad.field.operation@orange.com | P83: Yes Link | R83: EQUANT IT&S SGS Rio Tinto General Electric International SOS | S83: Size of the Building: 12,634m2 Size of the hosting area: 65.3m² Capacity of the hosting area (# cabinets): 30 (roughly) | T83: ISAE 3402 | U83: TIER II | V83: 0 | W83: 268
A84: NAM | B84: United States | C84: Atlanta | D84: Atlanta | E84: QTS | F84: ATLH06 | G84: 1033 Jefferson Street NW Atlanta, GA 30318 | H84: Atlanta - QTS Metro | I84: 2 - Opportunistic | J84: JCT services | K84: Yes | L84: QTS | M84: Dennis McMahon Office +17034712380 Mobile +15712839791 dennis.mcmahon@orange.com | N84: Bill Owens FOIS Operational Support Site GNMC-TUL / Fault repair unit SS-Rio-NAM atl.field.operations@orange.com | O84: Mail : ocbinfra.servicedesk@orange.com On call number : 00201276379175 | P84: Yes connected to UHP Cesson (admin and monitoring) linked to Cesson / isolated network | Q84: security is controlled via Access List, only approved staff will get access to the DC. Access Cards will only be handed out to authorised staff managed via secure access list embeeded in customer portal / maintenance visits need a Temporary Access Ticket created Contact : +1 866 239 5000 | R84: LVMH Orange CLOUD ex-JCT | S84: Size of Hosting cage 47.5 m2 18 cabinets used 11 empty | T84: ISAE 3402 | U84: TIER III+ | V84: 0 | W84: Phase 2 LEED (Leadership in Energy and Environmental Design) Certified Second largest DC in the world Tier 3 DC
A85: NAM | B85: United States | C85: Atlanta | D85: Atlanta | E85: Equinix | F85: ATL08 | G85: 180 Peachtree Street NW 2nd Floor Atlanta, GA 30303 | H85: Equinix AT1 | I85: 1 - Major | J85: Honey | L85: Equinix | M85: Dennis McMahon Office +17034712380 Mobile +15712839791 dennis.mcmahon@orange.com | N85: Bill Owens FOIS Operational Support Site GNMC-TUL / Fault repair unit SS-Rio-NAM atl.field.operations@orange.com | O85: Mail : ocbinfra.servicedesk@orange.com On call number : 00201276379175 | P85: No | Q85: security is controlled via Access List, only approved staff will get access to the DC. Access Cards will only be handed out to authorised staff managed via secure access list embeeded in customer portal / maintenance visits need a Temporary Access Ticket created Contact : +1 888 892 0607 | R85: HONEY AMCOR MSC Cruise Line | T85: ISAE3402 | U85: TIER III+ | W85: 34
A86: NAM | B86: United States | C86: New York | D86: Secaucus | E86: Equinix | F86: EWRL02 | G86: 275 Hartz Way Secaucus, NJ 07094 | H86: Equinix NY2 | I86: 2 - Opportunistic | L86: Equinix | M86: Dennis McMahon Office +17034712380 Mobile +15712839791 dennis.mcmahon@orange.com | N86: ZZZ ECS Scheduled Orders Rio RSCC <scheduled.orders.rio.rscc@orange.com> | P86: Yes | Q86: security is controlled via Access List, only approved staff will get access to the DC. Access Cards will only be handed out to authorised staff managed via secure access list embeeded in customer portal / maintenance visits need a Temporary Access Ticket created Contact : +1 866 378 4649 | R86: Orange Network | T86: SSAE 16 SOC-1 Type II, SOC-2 type II - ISO 27001 | U86: TIER III+
A87: NAM | B87: United States | C87: New York | D87: Secaucus | E87: Equinix | F87: tbd | G87: 755 Secaucus Rd Secaucus, NJ 07094 | H87: Equinix NY4 | I87: 4 - Frozen | L87: Equinix | M87: Dennis McMahon Office +17034712380 Mobile +15712839791 dennis.mcmahon@orange.com | N87: ZZZ ECS Scheduled Orders Rio RSCC <scheduled.orders.rio.rscc@orange.com> | P87: Yes | Q87: security is controlled via Access List, only approved staff will get access to the DC. Access Cards will only be handed out to authorised staff managed via secure access list embeeded in customer portal / maintenance visits need a Temporary Access Ticket created Contact : +1 866 378 4649 | T87: SSAE 16 SOC-1 Type II, SOC-2 type II - ISO 27001 | U87: TIER III+
A88: NAM | B88: United States | C88: New York | D88: Secaucus | E88: Equinix | F88: tbd | G88: 800 Secaucus Road Secaucus, NJ 07094 | H88: Equinix NY5 | I88: 2 - Opportunistic | L88: Equinix | M88: Dennis McMahon Office +17034712380 Mobile +15712839791 dennis.mcmahon@orange.com | N88: ZZZ ECS Scheduled Orders Rio RSCC <scheduled.orders.rio.rscc@orange.com> | P88: Yes | Q88: security is controlled via Access List, only approved staff will get access to the DC. Access Cards will only be handed out to authorised staff managed via secure access list embeeded in customer portal / maintenance visits need a Temporary Access Ticket created Contact : +1 866 378 4649 | R88: LVMH Clifford Chance | T88: SSAE 16 SOC-1 Type II, SOC-2 type II - ISO 27001 | U88: TIER III+
A89: NAM | B89: United States | C89: Washington | D89: Ashburn | E89: Equinix | F89: IAD03 | G89: 21715 Filigree Court Ashburn, VA 20147 | H89: Equinix DC2 | I89: 2 - Opportunistic | L89: Equinix | M89: Dennis McMahon Office +17034712380 Mobile +15712839791 dennis.mcmahon@orange.com | N89: ZZZ ECS Scheduled Orders Rio RSCC <scheduled.orders.rio.rscc@orange.com> | P89: Yes | Q89: security is controlled via Access List, only approved staff will get access to the DC. Access Cards will only be handed out to authorised staff managed via secure access list embeeded in customer portal / maintenance visits need a Temporary Access Ticket created Contact : +1 866 378 4649 | R89: General Electric International Inc | T89: SSAE 16 SOC-1 Type II, SOC-2 type II - ISO 27001 PCI-DSS | U89: TIER III+
A90: NAM | B90: United States | C90: Washington | D90: Ashburn | E90: Equinix | F90: tbd | G90: 44470 Chilum Place Building 1 Ashburn, VA 20147 | H90: Equinix DC3 | I90: 2 - Opportunistic | L90: Equinix | M90: Dennis McMahon Office +17034712380 Mobile +15712839791 dennis.mcmahon@orange.com | N90: ZZZ ECS Scheduled Orders Rio RSCC <scheduled.orders.rio.rscc@orange.com> | P90: Yes | Q90: security is controlled via Access List, only approved staff will get access to the DC. Access Cards will only be handed out to authorised staff managed via secure access list embeeded in customer portal / maintenance visits need a Temporary Access Ticket created Contact : +1 866 378 4649 | R90: BHP Billiton ALDI | T90: SSAE 16 SOC-1 Type II, SOC-2 type II - ISO 27001 | U90: TIER III+
A91: NAM | B91: United States | C91: Washington | D91: Ashburn | E91: Equinix | F91: IADD03 | G91: 21691 Filigree Court Ashburn, VA 20147 | H91: Equinix DC4 | I91: 2 - Opportunistic | L91: Equinix | M91: Dennis McMahon Office +17034712380 Mobile +15712839791 dennis.mcmahon@orange.com | N91: ZZZ ECS Scheduled Orders Rio RSCC <scheduled.orders.rio.rscc@orange.com> | P91: Yes | Q91: security is controlled via Access List, only approved staff will get access to the DC. Access Cards will only be handed out to authorised staff managed via secure access list embeeded in customer portal / maintenance visits need a Temporary Access Ticket created Contact : +1 866 378 4649 | R91: General Electric International Inc Schneider Electric NOVARTIS PHARMA AG Orange NETWORK | T91: SSAE 16 SOC-1 Type II, SOC-2 type II - ISO 27001 | U91: TIER III+
A92: NAM | B92: United States | C92: Washington | D92: Ashburn | E92: Equinix | F92: IADF02 | G92: Main Entrance via DC6 21721 Filigree Court Ashburn, VA 20147 | H92: Equinix DC11 | I92: 2 - Opportunistic | L92: Equinix | M92: Dennis McMahon Office +17034712380 Mobile +15712839791 dennis.mcmahon@orange.com | N92: ZZZ ECS Scheduled Orders Rio RSCC <scheduled.orders.rio.rscc@orange.com> | P92: Yes | Q92: security is controlled via Access List, only approved staff will get access to the DC. Access Cards will only be handed out to authorised staff managed via secure access list embeeded in customer portal / maintenance visits need a Temporary Access Ticket created Contact : +1 866 378 4649 | R92: Airbus | T92: SSAE 16 SOC-1 Type II, SOC-2 type II - ISO 27001 | U92: TIER III
A93: NAM | B93: United States | C93: Sterling | D93: Sterling | E93: NTT | F93: IADD01 | G93: 22451 Shaw Road Sterling, VA 20166 | H93: NTT Sterling | I93: 4 - Frozen | L93: NTT | M93: Dennis McMahon Office +17034712380 Mobile +15712839791 dennis.mcmahon@orange.com | N93: ZZZ ECS Scheduled Orders Rio RSCC <scheduled.orders.rio.rscc@orange.com> | P93: Yes | Q93: NTT Helpdesk : +1 866 777 2673 | R93: Orb comm Networks LLC | U93: TIER III+
A94: NAM | B94: United States | C94: San Jose | D94: San Jose | E94: San Jose | F94: SJCD01 | G94: 2334 Lundy Place San Jose, CA 95131 | H94: NTT San Jose | I94: 2 - Opportunistic | L94: NTT | M94: Dennis McMahon Office +17034712380 Mobile +15712839791 dennis.mcmahon@orange.com | N94: ZZZ ECS Scheduled Orders Rio RSCC <scheduled.orders.rio.rscc@orange.com> | P94: Yes | Q94: NTT Helpdesk : +1 866 777 2673 | R94: Rio Tinto Publicis | U94: TIER III+
A95: NAM | B95: United States | C95: New York | D95: New York | E95: Coresite | F95: tbd | G95: 32 Avenue of the Americas 7th Floor New York, NY | H95: Coresite New York | I95: 4 - Frozen | L95: Coresite | M95: Dennis McMahon Office +17034712380 Mobile +15712839791 dennis.mcmahon@orange.com | N95: ZZZ ECS Scheduled Orders Rio RSCC <scheduled.orders.rio.rscc@orange.com> | P95: Yes | Q95: CoreSite Helpdesk : +1 866 777 2673 | R95: BHP BILLITON | U95: TIER III
A96: NAM | B96: United States | C96: Chicago | D96: Chicago | E96: Equinix | F96: tbd | G96: 350 East Cermak Rd 8th Floor Chicago, IL 60616 | H96: Equinix CH1 | I96: 2 - Opportunistic | L96: Equinix | M96: Dennis McMahon Office +17034712380 Mobile +15712839791 dennis.mcmahon@orange.com | N96: chi.field.operation@orange.com | P96: Yes | Q96: security is controlled via Access List, only approved staff will get access to the DC. Access Cards will only be handed out to authorised staff managed via secure access list embeeded in customer portal / maintenance visits need a Temporary Access Ticket created Contact : +1 866 378 4649 | R96: Google | T96: SSAE 16 SOC-1 Type II, SOC-2 type II - ISO 27001 | U96: TIER III
A97: NAM | B97: United States | C97: Chicago | D97: Chicago | E97: Dallas | F97: tbd | G97: 350 East Cermak Rd 8th Floor Chicago, IL 60616 | H97: Equinix CH4 | I97: 2 - Opportunistic | L97: Equinix | M97: Dennis McMahon Office +17034712380 Mobile +15712839791 dennis.mcmahon@orange.com | N97: chi.field.operation@orange.com | P97: Yes | Q97: security is controlled via Access List, only approved staff will get access to the DC. Access Cards will only be handed out to authorised staff managed via secure access list embeeded in customer portal / maintenance visits need a Temporary Access Ticket created Contact : +1 866 378 4649 | R97: ALDI | T97: SSAE 16 SOC-1 Type II, SOC-2 type II - ISO 27001 | U97: TIER III
A98: LAM | B98: Costa Rica | C98: San Jose | D98: San Jose | E98: ADN by UFINET LATAM | F98: SJOL01 | G98: ADN Datacenters, Zona Franca SARET Edificio B8 Alajuela Costa Rica | H98: ADN by UFINET San Jose | I98: 2 - Opportunistic | L98: ADN by UFINET | M98: Olivier Coroller Office +33 2 23 06 44 62 Mobile +33 6 71 92 65 97 olivier.coroller@orange.com | P98: No | R98: TMF Group | T98: ISO 27001 | U98: TIER III
A99: LAM | B99: Brazil | C99: Sao Paulo | D99: Sao Paulo | E99: Equinix | F99: GRU01 | G99: Avenida Marcos Penteado de Ulhoa Rodrigues, 249 Santana de Parnaiba/SP CEP: 06543-001 Brazil | H99: Equinix SP3 | I99: 2 - Opportunistic | L99: Equinix | M99: Olivier Coroller Office +33 2 23 06 44 62 Mobile +33 6 71 92 65 97 olivier.coroller@orange.com | N99: ZZZ ECS Scheduled Orders Rio RSCC <scheduled.orders.rio.rscc@orange.com> | P99: No | Q99: Equinix Helpdesk : +(11).3524.4300 | R99: SAIPEM and BAT, OINIS | S99: 2 racks | T99: SSAE 16 SOC-1 Type II, ISO 27001 - PCI-DSS ISO 9001-2008 SAP Certified in infrastructure operations | U99: TIER III
A100: LAM | B100: Brazil | C100: Sao Paulo | D100: Sao Paulo | E100: Equinix | F100: SAOD04 | G100: Al. Araguaia 3641 - Tamboré Barueri - SP CEP: 06455-000 | H100: Equinix SP2 | I100: 2 - Opportunistic | L100: Equinix | M100: Olivier Coroller Office +33 2 23 06 44 62 Mobile +33 6 71 92 65 97 olivier.coroller@orange.com | N100: ZZZ ECS Scheduled Orders Rio RSCC <scheduled.orders.rio.rscc@orange.com> | P100: No | Q100: Equinix Helpdesk: + (21).3083.3333 | R100: TMF Group | S100: 3 racks | T100: SSAE 16 SOC-1 Type II, ISO 27001 - PCI-DSS ISO 9001-2008 SAP Certified in infrastructure operations | U100: TIER III
...

Sheet Liste source - MARK
A1: Provider: | B1: City | C1: Address | D1: State | E1: Zip Code | F1: IBX | G1: Description | H1: Cabinets | I1: Cabinet count | J1: Customer | K1: OCB Customer Code | L1: Comments
A2: Equinix | B2: Atlanta | C2: 180 Peachtree Street NW | D2: Georgia | E2: 30303 | F2: AT1 | G2: AT1:02:020900 | H2: 0804 | I2: 1 | J2: MSC Cruise | K2: 686443 | L2: MSC Cruise has cancelled service w/Orange. Cabinet shall be returned to Equinix at 29-Feb-24 contract expiration.
A3: Equinix | B3: Atlanta | C3: 180 Peachtree Street NW | D3: Georgia | E3: 30303 | F3: AT1 | G3: AT1:02:020900 | H3: 0609 | I3: 1 | J3: SITA/UPS/Zayo | K3: 10748
A4: Equinix | B4: Chicago | C4: 350 East Cermak Road, 5th Floor | D4: Illinios | E4: 60616 | F4: CH1 | G4: CH1:05:000060 | H4: 0111 | I4: 1 | J4: ZF Friedrichshafen AG | K4: 36421
A5: Equinix | B5: Chicago | C5: 351 East Cermak Road, 6th Floor | D5: Illinios | E5: 60616 | F5: CH2 | G5: CH2:06:004440 | H5: 0401 | I5: 1 | J5: Roche | K5: 27707
A6: Equinix | B6: Chicago | C6: 350 East Cermak Road, 8th Floor | D6: Illinios | E6: 60616 | F6: CH4 | G6: CH4:08:008900 | H6: 0305 | I6: 1 | J6: ALDI Int Services GmbH and Co oHG | K6: 685320
A7: Equinix | B7: Ashburn | C7: 21721 Filigree Court | D7: Virginia | E7: 20147 | F7: DC11 | G7: DC11:02:021525 | H7: 0101 - 0105 | I7: 5 | J7: Airbus Group SAS | K7: 660076
A8: Equinix | B8: Ashburn | C8: 44470 Chilum Place | D8: Virginia | E8: 20147 | F8: DC3 | G8: DC3:01:009000 | H8: 0312 | I8: 1 | J8: ALDI Int Services GmbH and Co oHG | K8: 685320
A9: Equinix | B9: Ashburn | C9: 44470 Chilum Place | D9: Virginia | E9: 20147 | F9: DC3 | G9: DC3:01:005000 | H9: 0401 | I9: 1 | J9: United Nations (UNSec) | K9: n/a
A10: Equinix | B10: Ashburn | C10: 44470 Chilum Place | D10: Virginia | E10: 20147 | F10: DC3 | G10: DC3:01:008100 | H10: 0128 | I10: 1 | J10: Roche | K10: 27707
A11: Equinix | B11: Ashburn | C11: 21691 Filigree Court | D11: Virginia | E11: 20147 | F11: DC4 | G11: DC4:01:040390 | H11: 0101 - 0105 | I11: 5 | J11: Airbus Group SAS | K11: 660076
A12: Equinix | B12: Ashburn | C12: 21691 Filigree Court | D12: Virginia | E12: 20147 | F12: DC4 | G12: DC4:01:041275 | H12: 0103 | I12: 1 | J12: GSK/Enel/Maersk | K12: 9594
A13: Equinix | B13: Ashburn | C13: 21691 Filigree Court | D13: Virginia | E13: 20147 | F13: DC4 | G13: DC4:01:041485 | H13: 0120 | I13: 1 | J13: Roche | K13: 27707
A14: Equinix | B14: Ashburn | C14: 21691 Filigree Court | D14: Virginia | E14: 20147 | F14: DC4 | G14: DC4:01:041485 | H14: 0213 | I14: 1 | J14: Siemens AG | K14: 674826
A15: Equinix | B15: Ashburn | C15: 21691 Filigree Court | D15: Virginia | E15: 20147 | F15: DC4 | G15: DC4:01:042495 | H15: 0103 | I15: 1 | J15: Mars | K15: 686849
A16: Equinix | B16: Ashburn | C16: 21691 Filigree Court | D16: Virginia | E16: 20147 | F16: DC4 | G16: DC4:01:041485 | H16: 0212 | I16: 1 | J16: ZF Friedrichshafen AG | K16: 36421
A17: Equinix | B17: Newark | C17: 165 Halsey Street | D17: New Jersey | E17: 07102 | F17: NY1 | G17: NY1:08:000010 | H17: 0124 | I17: 1 | J17: GlaxoSmithKline Services Unlimited | K17: 9594
A18: Equinix | B18: Secaucus | C18: 275 Hartz Way | D18: New Jersey | E18: 07094 | F18: NY2 | G18: NY2:01:000260 | H18: 0202 | I18: 1 | J18: BASF | K18: 684808
A19: Equinix | B19: Secaucus | C19: 800 Secaucus Road | D19: New Jersey | E19: 07094 | F19: NY5 | G19: NY5:01:522165 | H19: 0109, 0110 | I19: 2 | J19: Rio Tinto | K19: 9922
A20: Equinix | B20: New York | C20: 111 8th Avenue | D20: New York | E20: 10011 | F20: NY9 | G20: NY9:07:072310 | H20: 0303 | I20: 1 | J20: Siemens AG | K20: 674826 | L20: All services to be transferred to Equinix NY6 (QLP5.0) by Q4 2024. Cabinet shall be returned to Equinix at 14-Jan-25 contract termination date.
A21: Equinix | B21: Seattle | C21: 2001 Sixth Ave. Suite 1202 | D21: Washington | E21: 98121 | F21: SE2 | G21: SE2:13:013080 | H21: 0106 | I21: 1 | J21: Siemens AG | K21: 674826
A22: Equinix | B22: Seattle | C22: 2001 Sixth Ave. Suite 1202 | D22: Washington | E22: 98121 | F22: SE2 | G22: SE2:11:011535 | H22: 0303 | I22: 1 | J22: Roche | K22: 27707
A23: Equinix | B23: Seattle | C23: 2020 Fifth Ave. | D23: Washington | E23: 98121 | F23: SE3 | G23: SE3:07:070200 | H23: 0907 | I23: 1 | J23: Rio Tinto | K23: 9922
A24: Equinix | B24: Seattle | C24: 2020 Fifth Ave. | D24: Washington | E24: 98121 | F24: SE3 | G24: SE3:07:070200 | H24: 0202 | I24: 1 | J24: Roche | K24: 27707
A25: Equinix | B25: San Jose | C25: 11 Great Oaks Boulevard | D25: California | E25: 95119 | F25: SV1 | G25: SV1:01:001270 | H25: 0111 | I25: 1 | J25: Siemens AG | K25: 674826
A26: Equinix | B26: San Jose | C26: 9 Great Oaks Boulevard | D26: California | E26: 95119 | F26: SV5 | G26: SV5:01:051785 | H26: 0202 | I26: 1 | J26: Google | K26: 672826
A27: Equinix | B27: San Jose | C27: 9 Great Oaks Boulevard | D27: California | E27: 95119 | F27: SV5 | G27: SV5:01:052305 | H27: 0102, 0103 | I27: 2 | J27: SONY Pictures Entertainment | K27: 686959
A28: Equinix | B28: San Jose | C28: 7 Great Oaks Boulevard | D28: California | E28: 95119 | F28: SV10 | G28: SV10:02:023405 | H28: 0201, 0202 | I28: 2 | J28: Rio Tinto | K28: 9922
A29: Equinix | B29: San Jose | C29: 7 Great Oaks Boulevard | D29: California | E29: 95119 | F29: SV10 | G29: SV10:02:023405 | H29: 0214 | I29: 1 | J29: Publicis
A30: Equinix | B30: Atlanta | C30: 180 Peachtree Street NW | D30: Georgia | E30: 30303 | F30: AT1 | G30: AT1:02:022170 | H30: 0101 - 0410 | I30: 26 | J30: Orange Hosting - 2 x Kuehne and Nagel, .5 x Schenker, .5 x United Nations, .5 x Blue Tide, .5 x Coface, 4 x Siemens/Varian, 17 x Open | K30: n/a
A31: Equinix | B31: San Jose | C31: 9 Great Oaks Boulevard | D31: California | E31: 95119 | F31: SV5 | G31: SV5:01:052305 | H31: 0104, 0105, 0106 | I31: 3 | J31: SONY Electronics - AMER | K31: 686997
A32: Equinix | B32: Dallas | C32: 1950 North Stemmons Freeway | D32: Texas | E32: 75207 | F32: DA3 | G32: DA3:01:010325 | H32: 0401 | I32: 1 | J32: Maersk Line AS | K32: 10524
A33: Equinix | B33: Ashburn | C33: 21721 Filigree Court | D33: Virginia | E33: 20147 | F33: DC11 | G33: DC11:01:011216 | H33: 0112 | I33: 1 | J33: Siemens AG | K33: 674826
A34: Equinix | B34: Ashburn | D34: Virginia | F34: DC21 | G34: DC21:01:111325 | H34: 0106 | I34: 1 | J34: Thales | K34: 692319
A35: Equinix | B35: Dallas | C35: 1950 North Stemmons Freeway | D35: Texas | E35: 75207 | F35: DA3 | G35: DA3:01:010315 | H35: 0311 | I35: 1 | J35: DXC/IntSOS | K35: n/a
A36: Equinix | B36: Ashburn | C36: 21691 Filigree Court | D36: Virginia | E36: 20147 | F36: DC4 | G36: DC4:01:042495 | H36: 0401 | I36: 1 | J36: BASF/Saipem SpA | K36: 684808/661603
A37: Equinix | B37: Atlanta | C37: 180 Peachtree Street NW | D37: Georgia | E37: 30303 | F37: AT1 | G37: AT1:02:020900 | H37: 0612 | I37: 1 | J37: Mexichem (Orbia) | K37: 692020 | L37: Customer has cancelled services w/Orange. Cabinet shall be returned to Equinix at 14-Apr-24 contract expiration.
A38: Equinix | B38: Secaucus | C38: 800 Secaucus Road | D38: New Jersey | E38: 07094 | F38: NY5 | G38: NY5:01:521585 | H38: 0107 - 0110 | I38: 4 | J38: Clifford Chance
A39: Equinix | B39: San Jose | C39: 1735 Lundy Avenue | D39: California | E39: 95131 | F39: SV3 | G39: SV3:01:004180 | H39: 0303 | I39: 1 | J39: Union Pay | K39: 676632
A40: Equinix | B40: Ashburn | C40: 21830 Uunet Way | D40: Virginia | E40: 20147 | F40: DC13 | G40: DC13:01:313285 | H40: 5 | I40: 5 | J40: Thales | K40: 692319
A41: Equinix | B41: Culpepper | C41: 18155 Technology Drive, Building B | D41: Virginia | E41: 22701 | F41: CU2 | G41: CU2:01:211320 | H41: 0101 - 0105 | I41: 5 | J41: Thales | K41: 692319
A42: Equinix | B42: Secaucus | C42: 800 Secaucus Road | D42: New Jersey | E42: 07094 | F42: NY5 | G42: NY5:01:051222 | H42: 0101 | I42: 1 | J42: SITA/UPS | K42: 10748
A43: Equinix | B43: Ashburn | C43: 21691 Filigree Court | D43: Virginia | E43: 20147 | F43: DC4 | G43: DC4:01:041275 | H43: 0102 | I43: 1 | J43: Siemens QLP5.0 | K43: 674826
A44: Equinix | B44: Seattle | C44: 2001 Sixth Ave. Suite 1202 | D44: Washington | E44: 98121 | F44: SE2 | G44: SE2:05:050010 | H44: 0601 | I44: 1 | J44: Siemens QLP5.0 | K44: 674826
A45: Equinix | B45: San Jose | C45: 11 Great Oaks Boulevard | D45: California | E45: 95119 | F45: SV1 | G45: SV1:01:001300 | H45: 0110 | I45: 1 | J45: Siemens QLP5.0 | K45: 674826
A46: Equinix | B46: Secaucus | C46: 105 Enterprise Avenue South | D46: New Jersey | E46: 07094 | F46: NY6 | G46: NY6:01:001114 | H46: 0414 | I46: 1 | J46: Siemens QLP5.0 | K46: 674826
A47: QTS | B47: Atlanta | C47: 1033 Jefferson St. NW | D47: Georgia | E47: 30318 | F47: ATL1 | G47: 2E2 104-14 | H47: A01F - D10F | I47: 42 | J47: 14 x B2GaaS, 4 x OAB, 2 x OINIS Network, 7 x SITA/Karine, 2 x FCC, 13 x Open | K47: n/a
A48: Cologix | B48: Dallas | C48: 1950 N Stemmons Fwy. | D48: Texas | E48: 75207 | F48: DAL3 | G48: DAL3.2.2004.01.A | H48: C0001 - C006 | I48: 6 | J48: ZTE/China | K48: n/a
A49: DRT | B49: Chicago | C49: 350 East Cermak Road | D49: Illinios | E49: 60616 | F49: CHI1 | G49: 430.C1 | H49: 430.C1.01, 430.C1.02 | I49: 2 | J49: Trelleborg, Publicis | K49: n/a
A50: CoreSite | B50: Los Angeles | C50: 900 North Alameda Street | D50: California | E50: 90012 | F50: LA2 | G50: LA2.CRLL100C | H50: 613 | I50: 1 | J50: China Eastern/SITA | K50: n/a
A51: CoreSite | B51: Secaucus | C51: 2 Emerson Lane | D51: New Jersey | E51: 7094 | F51: NY2 | G51: NY2-01-0101-CORE-0208 | H51: 208 | I51: 1 | J51: UPS | K51: 10748
A52: Orange | B52: Herndon | C52: 13775 McLearen Road | D52: Virginia | E52: 20171 | F52: IADX01 | G52: Rooms L2001, L1004, L1001 | I52: 26.1 | J52: 2 x Akzo Nobel, 3 x Flex SSL, 2 x B2G3Mi, 1 x B2GUAH, 7 x CIC v2, 2.1 x Heineken, 2 x JLR, 2 x Maersk, 3 x Philips/Versani/Signify, .5 x United Nations, .5 x U.S. Customs | K52: n/a | L52: Site to be closed 30-Sep-24. Orange internal customers shall be moved to alternate platforms. Orange external customers shall be moved to Equinix DC's.

Sheet Liste source - MICH
A1: Facility Name | B1: Country | C1: City | D1: Supplier | E1: Address | F1: Type of DC | G1: Floor Space Utilization | H1: Colocation Ready | I1: Notes
A2: ams1 | B2: NL | C2: Amsterdam | D2: Digital Realty | E2: Luttenbergweg 4, 1101 EC Amsterdam, Netherlands | F2: Not to promote | G2: 1 | H2: No | I2: Will be terminated in 2024
A3: ams2 | B3: NL | C3: Amsterdam | D3: Equinix | E3: Tupolevlaan 101, 1119 PA Schiphol Rijk, Netherlands | F3: Not to promote | G3: 1 | H3: No | I3: Will be terminated in 2024
A4: osl3 | B4: NO | C4: Oslo | D4: Orange DSE | E4: Stanseveien 30, 0976 Oslo, Norway | F4: Opportunistic - colocation | G4: 0.95 | H4: Yes
A5: osl4 | B5: NO | C5: Oslo | D5: Stack Infrastructure | E5: Selma Ellefsens vei 1, 0581 Oslo, Norway | F5: Not to promote | G5: 1 | H5: No | I5: osl4 is used for backup data only
A6: osl5 | B6: NO | C6: Oslo | D6: Orange DSE | E6: Hornerudveien 25, 1461 Lørenskog, Norway | F6: Opportunistic - colocation | G6: 0.65 | H6: Yes
A7: sth2 | B7: SE | C7: Stockholm | D7: Orange DSE | E7: Hemvärnsgatan 9, 17154 Solna, Sweden | F7: Opportunistic - colocation | G7: 0.65 | H7: Yes
A8: sth6 | B8: SE | C8: Stockholm | D8: Stack Infrastructure | E8: Smedbyvägen 6, 19430 Upplands Väsby, Sweden | F8: Not to promote | G8: 1 | H8: No
A9: sth7 | B9: SE | C9: Stockholm | D9: Digital Realty | E9: Esbogatan 11, 16474 Kista, Sweden | F9: Not to promote | G9: 1 | H9: No | I9: sth7 is used for backup data only
A10: ber1 | B10: DE | C10: Berlin | D10: NTT | E10: Nonnendammallee 15, 13599 Berlin, Germany | F10: Not to promote | G10: 0.85 | H10: No
A11: fra1 | B11: DE | C11: Frankfurt | D11: NTT | E11: Eschborner Landstraße 100, 60489 Frankfurt am Main, Germany | F11: Not to promote | G11: 1 | H11: No
A12: zh5 | B12: CH | C12: Zurich | D12: Equinix | E12: Allmendstrasse 9, Oberengstringen, 8102, Switzerland | F12: Not to promote | G12: 1 | H12: No | I12: 1 rack only
A13: gv1 | B13: CH | C13: Geneva | D13: Equinix | E13: Rue de la Confederation 6, Geneva, 1204, Switzerland | F13: Not to promote | G13: 1 | H13: No | I13: 1 rack only

Sheet Liste source - NEW
A1: Region | B1: Country | C1: Cluster City | D1: CityArea | E1: Supplier | F1: DataCenterName | G1: SiteCodeOrange | H1: Address | I1: latitude | J1: longitude | K1: PlazzaLink
A2: AME | B2: United States | C2: New York | D2: New York | E2: Coresite | F2: NY1 | G2: To be created | H2: 32 6th Ave # 70, New York, NY 10013 | I2: 40.720097 | J2: -74.004630 | K2: https://plazza.orange.com/docs/DOC-1766490
A3: AME | B3: United States | C3: Chicago | D3: Chicago | E3: Equinix | F3: CH4 | G3: To be created | H3: 350 East Cermak Rd 8th Floor Chicago, IL 60616 | I3: 41.8531135 | J3: -87.6183281 | K3: https://plazza.orange.com/docs/DOC-759493
A4: AME | B4: United States | C4: New York | D4: Secaucus | E4: Equinix | F4: NY4 | G4: To be created | H4: 755 Secaucus Road, Secaucus, NJ 07094 | I4: 40.777869 | J4: -74.0696322 | K4: https://plazza.orange.com/docs/DOC-759493
A5: AME | B5: United States | C5: Washington | D5: Ashburn | E5: Equinix | F5: DC3 | G5: To be created | H5: 44470 Chilum Place Building 1 Ashburn, VA 20147 | I5: 39.022031 | J5: -77.461919 | K5: https://plazza.orange.com/docs/DOC-759493
A6: AME | B6: Brazil | C6: Sao Paulo | D6: Sao Paulo | E6: Equinix | F6: SP2 | G6: SAO27 | H6: Al. Araguaia 3641 - Tamboré Barueri - SP CEP: 06455-000 | I6: -23.502607 | J6: -46.827229 | K6: https://plazza.orange.com/docs/DOC-520558
A7: AME | B7: Costa Rica | C7: San Jose | D7: San Jose | E7: UFINET | F7: ADN Datacenter | G7: SJOL01 | H7: ADN Datacenters, Zona Franca SARET Edificio B8 Alajuela Costa Rica | I7: 9.95074000 | J7: -84.15925900 | K7: https://plazza.orange.com/docs/DOC-520613
A8: AME | B8: United States | C8: Atlanta | D8: Atlanta | E8: Equant | F8: Equant Atlanta | G8: ATLX01 | H8: Equant Inc, 275 Decatur St SE, Atlanta, GA 30312 | I8: 33.7497 | J8: -84.38101 | K8: https://plazza.orange.com/docs/DOC-725815
A9: AME | B9: United States | C9: Oak Hill | D9: Oak Hill | E9: Equant | F9: Oak Hill | G9: IADX01 | H9: 13775 McLearen Road Herndon, Virginia 20171 | I9: 38.92711 | J9: -77.42415 | K9: https://plazza.orange.com/docs/DOC-516502
A10: AME | B10: United States | C10: Atlanta | D10: Atlanta | E10: Equinix | F10: AT1 | G10: ATL08 | H10: 180 N Peachtree Street NW, 2nd Floor, Atlanta, GA 30303 | I10: 33.7585201 | J10: -84.3883852 | K10: https://plazza.orange.com/docs/DOC-759493
A11: AME | B11: United States | C11: Chicago | D11: Chicago | E11: Equinix | F11: CH3 | G11: ORDC01 | H11: 1905 Lunt Ave. Elk Grove Village, IL 60007 | I11: 42.0010976 | J11: -87.9548634 | K11: https://plazza.orange.com/docs/DOC-759493
A12: AME | B12: United States | C12: New York | D12: Secaucus | E12: Equinix | F12: NY2 | G12: EWRL02 | H12: 275 Hartz Way, Secaucus, NJ 07094 | I12: 40.7778177 | J12: -74.07590859999999 | K12: https://plazza.orange.com/docs/DOC-759493
... A19: AME | B19: United States | C19: Atlanta | D19: Atlanta | E19: QTS | F19: Atlanta | G19: ATL06 | H19: 1033 Jefferson Street NW, Atlanta, Georgia 30318 | I19: 33.77567 | J19: -84.42229 | K19: https://plazza.orange.com/docs/DOC-513523
A20: AME | B20: United States | C20: San Jose | D20: San Jose | E20: Equinix | F20: SV10 | G20: SJCL03 | H20: 7 Great Oaks BoulevardSan Jose, CA 95119 | I20: 37.24124 | J20: -121.78482 | K20: https://plazza.orange.com/docs/DOC-759493
A21: AME | B21: United States | C21: Chicago | D21: Chicago | E21: Digital Realty | F21: CHI1 | G21: CHIL03 | H21: 350 East Cermak Road, CHICAGO 60016, 4th Floor | I21: 41.85391 | J21: -87.61845 | K21: https://plazza.orange.com/docs/DOC-1766515
A22: AME | B22: United States | C22: Los Angeles | D22: Los Angeles | E22: Coresite | F22: LA2 | G22: LAXL02 | H22: 900 N Alameda St., Los Angeles, CA 90012 | I22: 34.05814 | J22: -118.23537 | K22: https://plazza.orange.com/docs/DOC-1766490
A23: APAC | B23: Australia | C23: Sydney | D23: Alexandria | E23: Equinix | F23: SY4 | G23: To be created | H23: Equinix SY4 Data Centre, 200 Bourke Road, Alexandria, Sydney, NSW 2015 AU | I23: -33.91817348036188 | J23: 151.18936453225894 | K23: https://plazza.orange.com/docs/DOC-2345828
A24: APAC | B24: Australia | C24: Sydney | D24: Alexandria | E24: Equinix | F24: SY6 | G24: To be created | H24: Equinix SY6 Data Centre, 8-14 Egerton St, Silverwater, Sydney, NSW 2128, Australia | I24: -33.837106079773754 | J24: 151.05332489670596 | K24: https://plazza.orange.com/docs/DOC-2345828
A25: APAC | B25: Australia | C25: Sydney | D25: Wollongong | E25: Equinix | F25: SY7 | G25: To be created | H25: Equinix SY7 Data Centre, Lot 102 Lathe Place, Unanderra, Wollongong, NSW 2526, Australia | I25: -34.46295898566983 | J25: 150.85779826529028 | K25: https://plazza.orange.com/docs/DOC-2345828
A26: APAC | B26: Australia | C26: Brisbane | D26: Brisbane | E26: Equinix | F26: BR1 | G26: To be created | H26: Fortitude Valley, Brisbane, Australie , QLD 4006 | I26: -27.455110647397515 | J26: 153.03399703341603 | K26: https://plazza.orange.com/docs/DOC-2345828
A27: APAC | B27: Australia | C27: Perth | D27: Bently | E27: Vocus | F27: VDC-PER02 | G27: To be created | H27: Vocus VDC-PER02 Data Centre., 5 Watts Place, Bentley WA 6102, Australia. | I27: -37.822951877199216 | J27: 144.91537277098612 | K27: https://plazza.orange.com/docs/DOC-2345828
A28: APAC | B28: Australia | C28: Melbourne | D28: Port Melbourne | E28: Equinix | F28: ME1 | G28: To be created | H28: Equinix ME1 Data Centre, 578 Lorimer Street, Port Melbourne,, AU, VIC 3207 | I28: -37.8230112 | J28: 144.9153835 | K28: https://plazza.orange.com/docs/DOC-2345828
A29: APAC | B29: China | C29: Hong Kong | D29: Hong Kong | E29: Equinix | F29: HK1 | G29: To be created | H29: Equinix HK1 Data Centre, 17/F Global Gateway, 168 Yeung Uk Road, Tsuen Wan, N.T., Hong Kong | I29: 22.365483 | J29: 114.1193175 | K29: https://plazza.orange.com/docs/DOC-2345841
A30: APAC | B30: China | C30: Hong Kong | D30: Tsuen Wan | E30: Equinix | F30: HK3 | G30: To be created | H30: Equinix HK3 Data Centre, 6/F, 1 Wang Wo Tsai Street, Tsuen Wan, N.T., Hong Kong | I30: 22.3678135 | J30: 114.1175097 | K30: https://plazza.orange.com/docs/DOC-2345841
A31: APAC | B31: China | C31: Shanghai | D31: Shanghai | E31: Shanghai Data Solution | F31: SDS | G31: To be created | H31: New Address: Shanghai Data Solution Co.,Ltd, 3F,No.23 Building 498 Guoshoujing Rd. Shanghai Pudong Software Park, Zhangjiang High Technology Park Pu Dong P.R.China, 上海市浦东郭守敬路498号23号楼3楼 吴鸿豪 13310105096 | I31: 31.20183 | J31: 121.587671 | K31: https://plazza.orange.com/docs/DOC-2345841
A32: APAC | B32: China | C32: Shanghai | D32: Shanghai | E32: Equinix | F32: SH2 | G32: To be created | H32: Equinix SH2, Building No. 4, 700 Jinyu Road, Pudong New Area, Shanghai 201206 | I32: 31.24734 | J32: 121.62048 | K32: https://plazza.orange.com/docs/DOC-2345841
A33: APAC | B33: China | C33: Shanghai | D33: Shanghai | E33: 21Vianet | G33: To be created | H33: No. 99, Fute West 1st Road, Waigaoqiao Free Trade Zone, Pudong New Area, Shanghai 上海市浦东新区外高桥保税区富特西一路99 号 | I33: 31.34185 | J33: 121.5909 | K33: https://plazza.orange.com/docs/DOC-2345841
A34: APAC | B34: China | C34: Beijing | D34: Beijing | E34: 21Vianet | G34: To be created | H34: No. 596, Shenwei North Street, Yanjiao High-tech Zone, Sanhe City, Hebei Province, 河北省三河市燕郊高新区神威北大街596 号 | I34: 39.945997 | J34: 116.809217 | K34: https://plazza.orange.com/docs/DOC-2345841
A35: APAC | B35: India | C35: Mumbai | D35: Mumbai | E35: NTT Netmagic | F35: Vikhroli DC2 | G35: To be created | H35: NTT Netmagic Vikhroli DC2 Data Centre, Ground, First & Second Floor, Mehra Industrial Estate, LBS Marg, Vikhroli (W) Mumbai, Maharashtra - 400079, INDIA | I35: 19.114687595124575 | J35: 72.89059945306876 | K35: https://plazza.orange.com/docs/DOC-857750
A36: APAC | B36: Japan | C36: Osaka | D36: Osaka | E36: Equinix | F36: OS1 | G36: To be created | H36: Equinix OS1, 1-26-1, Shinmachi, Nishi-ku, Nishi Shinsaibashi Building, Osaka, 550 0013 Japan | I36: 34.6757084 | J36: 135.4955913 | K36: https://plazza.orange.com/docs/DOC-2345843
A37: APAC | B37: Japan | C37: Tokyo | D37: Tokyo | E37: Equinix | F37: TY6 | G37: To be created | H37: Equinix TY6, 2-2-43, Higashi-Shinagawa,, Shinagawa-ku, Tokyo, 140 0002 Japan | I37: 35.6230297 | J37: 139.748141 | K37: https://plazza.orange.com/docs/DOC-2345843
A38: APAC | B38: Japan | C38: Tokyo | D38: Tokyo | E38: Equinix | F38: TY9 | G38: To be created | H38: Equinix TY9 Data Centre, 1-12-3, Suidou, Bunkyo-ku, Tokyo, 112 0005 Japan | I38: 35.70871 | J38: 139.743887 | K38: https://plazza.orange.com/docs/DOC-2345843
A39: APAC | B39: Australia | C39: Sydney | D39: Alexandria | E39: Equinix | F39: SY1 | G39: SYDEQXSY1 | H39: Equinix SY1 Data Centre, 639 Gardeners Road, Unit B, Mascot, Sydney, NSW 2020, Australia | I39: -33.92128292993337 | J39: 151.1881950649522 | K39: https://plazza.orange.com/docs/DOC-2345828
A40: APAC | B40: Australia | C40: Sydney | D40: Alexandria | E40: Equinix | F40: SY2 | G40: SYDD02 | H40: Equinix SY2 Data Centre, 639 Gardeners Road, Unit C, Mascot, Sydney, NSW 2020, Australia | I40: -33.92183143320534 | J40: 151.18818621026057 | K40: https://plazza.orange.com/docs/DOC-2345828
A41: APAC | B41: Australia | C41: Sydney | D41: Alexandria | E41: Equinix | F41: SY3 | G41: SYD16 | H41: Equinix SY3 Data Centre, 47 Bourke Road, Alexandria, Sydney, NSW 2015, Australia | I41: -33.9182 | J41: 151.18936 | K41: https://plazza.orange.com/docs/DOC-2345828
A42: APAC | B42: China | C42: Hong Kong | D42: Wanchai | E42: Orange | F42: HKGT01 | G42: HKGT01 | H42: 11/F, Telecom House, 3 Gloucester Road, Wanchai, Hong Kong | I42: 31.338113071054455 | J42: 121.45658300657394 | K42: https://plazza.orange.com/docs/DOC-2345841
A43: APAC | B43: China | C43: Hong Kong | D43: Kwai Chung | E43: PCCW Vantage | F43: MCX10 | G43: HKGH01 | H43: PCCW Vantage MCX10 Data Cente, Cargo Consolidation Complex, 43 Container Port Road, Kwai Chung, Hong Kong | I43: 39.9753874583294 | J43: 116.49998961963504 | K43: https://plazza.orange.com/docs/DOC-2345841
A44: APAC | B44: China | C44: Shanghai | D44: Shanghai | E44: Equinix | F44: SH3 | G44: SHAH01 | H44: Equinix SH3 Data Centre, Building No. 3, 700 Jinyu Road, Pudong New Area, Shanghai 201206 | I44: 31.2464116 | J44: 121.6198862 | K44: https://plazza.orange.com/docs/DOC-2345841
A45: APAC | B45: China | C45: Shanghai | D45: Shanghai | E45: Equinix | F45: SH5 | G45: SHAH02 | H45: New Address: 976 Shunping Road, Shanghai , 上海市顺平路976号 | I45: 31.2767604 | J45: 121.5417549 | K45: https://plazza.orange.com/docs/DOC-2345841
A46: APAC | B46: China | C46: Hong Kong | D46: Tsuen Wan | E46: Equinix | F46: HK2 | G46: HKGD06 | H46: Equinix HK2 Data Centre, 17/F Kerry Warehouse, 3 Shing Yiu Street, Tsuen Wan, N.T.,Hong Kong | I46: 22.362483 | J46: 114.119171 | K46: https://plazza.orange.com/docs/DOC-2345841
... A49: APAC | B49: India | C49: Mumbai | D49: Mumbai | E49: STT TCL | F49: Mumbai DC3 | G49: BOMT08 | H49: Plot C-21 & C-36, G Block, Bandra Kulrla Complex, Vidyanagari Post office, Mumbai 400098, India | I49: 19.0636283 | J49: 72.8617897 | K49: https://plazza.orange.com/docs/DOC-2345842
A50: APAC | B50: India | C50: Bangalore | D50: Bangalore | E50: STT TCL | G50: BLRT07 | H50: STT - Bengaluru DC2 Data Centre, #18, 19 & 20, EPIP Layout, KIADB, Whitefield, Bangalore, 560066, India | I50: 12.9743773 | J50: 77.7151616 | K50: https://plazza.orange.com/docs/DOC-2345842
A51: APAC | B51: India | C51: Delhi | D51: Delhi | E51: STT TCL | G51: DELT07 | H51: IDC Building, Opp. Savitri Cinema Flyover, Greater Kailash - 1, | I51: 28.5415141 | J51: 77.240201 | K51: https://plazza.orange.com/docs/DOC-2345842
A52: APAC | B52: Japan | C52: Tokyo | D52: Tokyo | E52: Equinix | F52: TY8 | G52: TYOC22 | H52: Equinix TY8 Data Centre, 2-1-7, Higashi-Shinagawa, Shinagawa-ku, Tokyo, 140 0002, Japan | I52: 35.622121 | J52: 139.7479207 | K52: https://plazza.orange.com/docs/DOC-2345843
A53: APAC | B53: Japan | C53: Tokyo | D53: Tokyo | E53: NTT | F53: TK5, Tokyo No.5 DC | G53: TYOT04 | H53: NTT Tokyo No.5 DC, 3-15-2 Bunkyo-ku,Yushima,Tokyo 113-0034, Japan | I53: 35.7050186 | J53: 139.7690773 | K53: https://plazza.orange.com/docs/DOC-2345843
A54: APAC | B54: Japan | C54: Osaka | D54: Osaka | E54: NTT | F54: OS1, Dojima No.1 DC | G54: OSAT04 | H54: Dojima No.1 DC, 3-1-59 Dojima Kita-ku, Osaka-shi, Osaka 530-0003, Japan | I54: 34.6968245 | J54: 135.491489 | K54: https://plazza.orange.com/docs/DOC-2345843
A55: APAC | B55: Korea | C55: Seoul | D55: Seoul | E55: LG CNS | G55: SELT02 | H55: LG CNS Sangam IT Center, 4th floor 424 World cup buk-ro Mapo-gu, | I55: 37.5811412 | J55: 126.8868857 | K55: https://plazza.orange.com/docs/DOC-2345844
A56: APAC | B56: Singapore | C56: Singapore | D56: Chai Chee | E56: Orange | F56: SINX01 | G56: SINX01 | H56: Orange Business Services Singapore Pte Ltd, Block 750, Chai Chee Road, #04-01 ESR BizPark @ Chai Chee, Singapore 469000 | I56: 1.2953335038027352 | J56: 103.78985142155884 | K56: https://plazza.orange.com/docs/DOC-514331
A57: APAC | B57: Singapore | C57: Singapore | D57: Chai Chee | E57: KDDI Telehouse | G57: SINH02 | H57: KDDI Singapore Pte. Ltd., Block 750D, Chai Chee Road, #05-04/05 ESR BizPark @ Chai Chee Singapore 469004 | I57: 1.321366 | J57: 103.695931 | K57: https://plazza.orange.com/docs/DOC-516902
A58: APAC | B58: Singapore | C58: Singapore | D58: Serangoon | E58: NTT | G58: SIND01 | H58: NTT Serangoon Data Centre, 51 Serangoon North Avenue 4, Singapore 555858 | I58: 1.2965225 | J58: 103.7881333 | K58: https://plazza.orange.com/docs/DOC-864043
A59: APAC | B59: Singapore | C59: Singapore | D59: Ayer Rajah Crescent | E59: Equinix | F59: SG1 | G59: SINF05 | H59: Equinix SG1 Data Centre, 20 Ayer Rajah Crescent, 139963, Singapore | I59: 1.2953133 | J59: 103.7898559 | K59: https://plazza.orange.com/docs/DOC-1076994
A60: APAC | B60: Singapore | C60: Singapore | D60: Pioneer Walk | E60: Equinix | F60: SG2 | G60: SIND02 | H60: Equinix SG2 Datat Centre, 15 Pioneer Walk, Singapore 627753 | I60: 1.3213551 | J60: 103.6959206 | K60: https://plazza.orange.com/docs/DOC-1076994
A61: APAC | B61: Singapore | C61: Singapore | D61: Ayer Rajah Crescent | E61: Equinix | F61: SG3 | G61: SIND03 | H61: Equinix SG3 Data Centre, 26A Ayer Rajah Crescent, 139963, Singapore | I61: 1.2959615 | J61: 103.7908077 | K61: https://plazza.orange.com/docs/DOC-1076994
A62: EMEA | B62: France | C62: Paris | D62: Courbevoie | E62: Equinix | F62: PA1 | G62: To be created | H62: 167 Rue de la Belle Etoile, 95948 Roissy-en-France | I62: 48.9837068 | J62: 2.5049735 | K62: https://plazza.orange.com/docs/DOC-2123449
A63: EMEA | B63: France | C63: Paris | D63: Courbevoie | E63: Equinix | F63: PA5 | G63: To be created | H63: Immeuble 254, Parc Icade Les Portes de Paris, 45 Av. Victor Hugo, 93300 Aubervilliers | I63: 48.905307 | J63: 2.369748 | K63: https://plazza.orange.com/docs/DOC-2123449
A64: EMEA | B64: France | C64: Paris | D64: Courbevoie | E64: Equinix | F64: PA7 | G64: To be created | H64: 130-136 Bd de Verdun, 92400 Courbevoie | I64: 48.9040026 | J64: 2.2552875 | K64: https://plazza.orange.com/docs/DOC-2123449
A65: EMEA | B65: France | C65: Paris | D65: Courbevoie | E65: Equinix | F65: PA8x | G65: To be created | H65: 110 Bis avenue du Général Leclerc, 93500, Pantin, Bâtiment 19, Pantin, FR, 93300 | I65: 48.9006090 | J65: 2.4227471 | K65: https://plazza.orange.com/docs/DOC-2123449
A66: EMEA | B66: France | C66: Paris | D66: La Courneuve | E66: Digital Realty | F66: PAR8 | G66: To be created | H66: 2 Avenue Marcel Cachin, 93120 La Courneuve, France | I66: 48.92765 | J66: 2.39735 | K66: https://plazza.orange.com/docs/DOC-2345257
A67: EMEA | B67: France | C67: Grenoble | D67: Grenoble | E67: EOLAS | F67: MANGIN1 | G67: To be created | H67: 73 Rue Général Mangin, 38100 Grenoble | I67: 45.16843254451269 | J67: 5.714986545821184 | K67: https://plazza.orange.com/docs/DOC-2345284
A68: EMEA | B68: France | C68: Grenoble | D68: Grenoble | E68: EOLAS | F68: MANGIN1 | G68: To be created | H68: 73 Rue Général Mangin, 38100 Grenoble | I68: 45.16848 | J68: 5.71510 | K68: https://plazza.orange.com/docs/DOC-2345284
A69: EMEA | B69: France | C69: Paris | D69: Paris | E69: Telehouse | F69: TH1 | G69: To be created | H69: 38 Rue des Jeuneurs, 75002 Paris | I69: 48.86988 | J69: 2.34421 | K69: https://plazza.orange.com/docs/DOC-2345228
A70: EMEA | B70: France | C70: Paris | D70: Paris | E70: Telehouse | F70: TH3 | G70: To be created | H70: 1 Rue Pablo Picasso, 78114 Magny-les-Hameaux | I70: 48.72599 | J70: 2.07867 | K70: https://plazza.orange.com/docs/DOC-2345228
... A110: EMEA | B110: South Africa | C110: Johannesburg | D110: Johannesburg | E110: Teraco | F110: JB1 | G110: JNBF01 | H110: 5 Brewery St, Isando, Kempton Park, 1600, South Africa | I110: -26.135396 | J110: 28.221874 | K110: https://plazza.orange.com/docs/DOC-2346833
A111: EMEA | B111: South Africa | C111: Johannesbourg | D111: Johannesbourg | E111: Teraco | F111: JB3 | G111: JNBT02 | H111: 5 Brewery St, Kempton Park, 1600 South Africa | I111: -26.136132 | J111: 28.199605 | K111: https://plazza.orange.com/docs/DOC-2341024
A112: EMEA | B112: South Africa | C112: Johannesbourg | D112: Johannesbourg | E112: Equant | F112: Equant Johannesbourg | G112: JNBT01 | H112: Johannesburg DataCenter Ground Floor, SITA Equant Building, 18 Eglin Rd, Sunninghill, Sandton, 2157 | I112: -26.0341978 | J112: 28.0676883 | K112: https://plazza.orange.com/docs/DOC-514277
A113: EMEA | B113: Spain | C113: Madrid | D113: Madrid | E113: Interxion | F113: MAD1 | G113: MADF12 | H113: Calle Albasanz 71, Madrid, 28037, Spain | I113: 40.439498 | J113: -3.62142 | K113: https://plazza.orange.com/docs/DOC-2346834
A114: EMEA | B114: Switzerland | C114: Zurich | D114: Zurich | E114: Equinix | F114: ZH2 | G114: To be created | H114: Josefstrasse 225, Zurich, Switzerland, 8005 | I114: 47.387902 | J114: 8.520354 | K114: https://plazza.orange.com/docs/DOC-904055
A115: EMEA | B115: Switzerland | C115: Zurich | D115: Zurich | E115: Equinix | F115: ZH4 | G115: To be created | H115: Josefstrasse 225, Zurich, Switzerland, 8005 | I115: 47.387884214488395 | J115: 8.520287882213434 | K115: https://plazza.orange.com/docs/DOC-904055
A116: EMEA | B116: Switzerland | C116: Zurich | D116: Zurich | E116: Equinix | F116: ZH5 | G116: To be created | H116: Allmendstrasse 9, Oberengstringen, Switzerland, 8102 | I116: 47.405812 | J116: 8.460683 | K116: https://plazza.orange.com/docs/DOC-904055
A117: EMEA | B117: Switzerland | C117: Zurich | D117: Zurich | E117: Equant | F117: Zurich | G117: ZRHX02 | H117: Albulastrasse 55, CH-8048 ZURICH | I117: 47.41488784 | J117: 8.55156607 | K117: https://plazza.orange.com/docs/DOC-517443
A118: EMEA | B118: Switzerland | C118: Geneva | D118: Geneva | E118: Equinix | F118: GV1 | G118: GVAT02 | H118: Rue de la Confederation 6, Geneva, CH, Switzerland, 1204 | I118: 46.203667 | J118: 6.144295 | K118: https://plazza.orange.com/docs/DOC-904055
A119: EMEA | B119: Switzerland | C119: Geneva | D119: Geneva | E119: Equinix | F119: GV2 | G119: To be created | H119: Route du Bois-des-Freres 48, Le Lignon, Switzerland, 1219 | I119: 46.207922 | J119: 6.097847 | K119: https://plazza.orange.com/docs/DOC-904055
A120: EMEA | B120: Turkey | C120: Istanbul | D120: Istanbul | E120: Radore | F120: Radore | G120: To be created | H120: Büyükdere Cad. No:171 Metrocity AVM Kat: -4B No: 39-46S, Levent Cd., 34330 Şişli/İstanbul, Türkiye | I120: 41.076048 | J120: 29.011806 | K120: https://plazza.orange.com/docs/DOC-2346809
A121: EMEA | B121: Turkey | C121: Istanbul | D121: Istanbul | E121: NGN | F121: Star of Bosphorus DC | G121: To be created | H121: 34959 Tuzla Istanbul, Turkey | I121: 40.932904 | J121: 29.379978 | K121: https://plazza.orange.com/docs/DOC-2346809
A122: EMEA | B122: UAE | C122: Dubai | D122: Dubai | E122: Equinix | F122: DX1 | G122: DXBT08 | H122: International Media Production Zone (IMPZ), Units F90, F91 & F92, Sheikh Mohamed Bin Zayed Road, Dubai, AE, 500389 | I122: 25.0657 | J122: 55.1713 | K122: https://plazza.orange.com/docs/DOC-2346810
